"ID","Folio","Dependencia nueva","Partida nueva","Motivo","Asignacion general"
"005cc8ed-4fb8-5077-929f-1036e189210f","01590-2026-CT","11-Dirección General de Servicios Públicos Municipales","","Indicios de camión o maquinaria pesada; partida 29801 por tipo de material","No"
"01186d0b-a072-499d-9f65-a22c8b9d3c44","COT-2026-0026","11-Dirección General de Servicios Públicos Municipales","29801","Asignación general a 11 por falta de tipo específico; partida 29801 por tipo de material","Si"
"015f950a-c8ac-4ae2-abf3-c51e56787ca9","COT-2026-0051","11-Dirección General de Servicios Públicos Municipales","","Asignación general a 11 por falta de tipo específico; partida 26102 por tipo de material","Si"
"0191883a-08af-4937-b10b-c59f79dfcb58","COT-2026-0011","09-Jefatura de Policía Preventiva y Tránsito Municipal","","Indicios de gasolina o vehículo ligero; partida 29601 por tipo de material","No"
"027f3dfb-5c8b-4382-bf7d-a8c2af31264e","COT-2026-0015","11-Dirección General de Servicios Públicos Municipales","29801","Asignación general a 11 por falta de tipo específico; partida 29801 por tipo de material","Si"
"030d75fe-3bca-49db-ad8d-4f63b067d84b","COT-2026-0268","09-Jefatura de Policía Preventiva y Tránsito Municipal","","Indicios de gasolina o vehículo ligero; partida 29601 por tipo de material","No"
"0367202f-d753-4178-bb90-2ecaa3f6847b","COT-2026-0050","09-Jefatura de Policía Preventiva y Tránsito Municipal","29601","Indicios de gasolina o vehículo ligero; partida 29601 por tipo de material","No"
"03d54d33-a659-4673-8597-57e848ceb2a7","COT-2026-0411","09-Jefatura de Policía Preventiva y Tránsito Municipal","","Indicios de gasolina o vehículo ligero; partida 29601 por tipo de material","No"
"03f6ad8e-cf2a-4e3e-8ab6-1d421eb4e35f","COT-2026-0297","09-Jefatura de Policía Preventiva y Tránsito Municipal","","Indicios de gasolina o vehículo ligero; partida 29601 por categoría predominante en importe","No"
"0482105b-931a-4b2a-89d4-00b066ed054b","COT-2026-0408","11-Dirección General de Servicios Públicos Municipales","29801","Asignación general a 11 por falta de tipo específico; partida 29801 por tipo de material","Si"
"04ba3dee-70b8-471b-8bb4-011671263219","COT-2026-0337","11-Dirección General de Servicios Públicos Municipales","29801","Asignación general a 11 por falta de tipo específico; partida 29801 por tipo de material","Si"
"05508e26-95f8-4807-b295-3128f063a9f7","COT-2026-0293","11-Dirección General de Servicios Públicos Municipales","29801","Asignación general a 11 por falta de tipo específico; partida 29801 por tipo de material","Si"
"0600e5be-d531-4501-a932-83bac0671e50","COT-2026-0218","09-Jefatura de Policía Preventiva y Tránsito Municipal","","Indicios de gasolina o vehículo ligero; partida 29601 por tipo de material","No"
"06b7f300-e7bd-486c-a852-452ecee619e6","COT-2026-0296","09-Jefatura de Policía Preventiva y Tránsito Municipal","29801","Indicios de gasolina o vehículo ligero; partida 29801 por categoría predominante en importe","No"
"06e32e33-84a1-538d-af6c-4d3db09a6766","00762-2026-CT","09-Jefatura de Policía Preventiva y Tránsito Municipal","","Indicios de gasolina o vehículo ligero; partida 29601 por tipo de material","No"
"078026da-aff5-4a94-acdd-872ca45c6f82","COT-2026-0353","11-Dirección General de Servicios Públicos Municipales","","Asignación general a 11 por falta de tipo específico; partida 26102 por tipo de material","Si"
"082a48b3-7d9f-453c-9f3a-e0c9cda03986","COT-2026-0126","11-Dirección General de Servicios Públicos Municipales","29801","Asignación general a 11 por falta de tipo específico; partida 29801 por tipo de material","Si"
"08a2e214-969d-46d6-9ba6-3ea8cc1eb9dc","COT-2026-0034","11-Dirección General de Servicios Públicos Municipales","29801","Asignación general a 11 por falta de tipo específico; partida 29801 por tipo de material","Si"
"0960e017-464f-4fb4-ba28-29dd2fcc6533","COT-2026-0042","09-Jefatura de Policía Preventiva y Tránsito Municipal","29601","Indicios de gasolina o vehículo ligero; partida 29601 por tipo de material","No"
"0a3ac77a-f2d5-4bac-8fc2-369b677e65db","COT-2026-0453","","26102","Indicios de camión o maquinaria pesada; partida 26102 por tipo de material","No"
"0a3bf91b-5c7e-44ce-bc8e-38438b7c630f","COT-2026-0049","11-Dirección General de Servicios Públicos Municipales","29801","Asignación general a 11 por falta de tipo específico; partida 29801 por tipo de material","Si"
"0bbb4d0e-68ec-43f0-9fd6-a58fa31f4188","COT-2026-0175","11-Dirección General de Servicios Públicos Municipales","","Indicios de camión o maquinaria pesada; partida 29801 por tipo de material","No"
"0bc87dce-1888-4083-8426-9b70416b9730","COT-2026-0057","11-Dirección General de Servicios Públicos Municipales","29801","Asignación general a 11 por falta de tipo específico; partida 29801 por tipo de material","Si"
"0c0edb27-3e2f-5f75-a64c-b1ff6ede6aa2","01024-2026-CT","","29801","Indicios de gasolina o vehículo ligero; partida 29801 por tipo de material","No"
"0c73c37e-2d55-403d-9897-0c53bc7e5528","COT-2026-0386","11-Dirección General de Servicios Públicos Municipales","29801","Asignación general a 11 por falta de tipo específico; partida 29801 por tipo de material","Si"
"0d166536-305c-41d9-ad60-32dcf54d0285","COT-2026-0181","11-Dirección General de Servicios Públicos Municipales","29801","Asignación general a 11 por falta de tipo específico; partida 29801 por tipo de material","Si"
"0d4df912-0978-47c0-ba49-06c3e9db5104","COT-2026-0283","11-Dirección General de Servicios Públicos Municipales","","Asignación general a 11 por falta de tipo específico; partida 26102 por tipo de material","Si"
"0e0e71b9-05bf-50e0-9421-abb4b96e03eb","01052-2026-CT","11-Dirección General de Servicios Públicos Municipales","","Indicios de camión o maquinaria pesada; partida 29801 por tipo de material","No"
"0e7a4e55-c78b-5745-8f7d-c998dca97a8a","01572-2026-CT","11-Dirección General de Servicios Públicos Municipales","","Indicios de camión o maquinaria pesada; partida 29801 por tipo de material","No"
"0ec9c6cd-9677-452f-ae74-7e325355f879","COT-2026-0215","","29601","Indicios de gasolina o vehículo ligero; partida 29601 por tipo de material","No"
"0ee4d955-5fea-4ef2-aa48-08c3d93636a1","COT-2026-0438","11-Dirección General de Servicios Públicos Municipales","29801","Asignación general a 11 por falta de tipo específico; partida 29801 por tipo de material","Si"
"10a2e09b-47f1-4c35-b146-2b093818bec6","COT-2026-0279","11-Dirección General de Servicios Públicos Municipales","29801","Asignación general a 11 por falta de tipo específico; partida 29801 por tipo de material","Si"
"11ba75b7-1680-47d9-9390-42f35cd5262e","COT-2026-0115","11-Dirección General de Servicios Públicos Municipales","29801","Indicios de camión o maquinaria pesada; partida 29801 por tipo de material","No"
"12268324-abbb-5e36-a32b-9bb7f43f403f","01041-2026-CT","11-Dirección General de Servicios Públicos Municipales","","Indicios de camión o maquinaria pesada; partida 29801 por tipo de material","No"
"123fd00a-1852-4964-8e23-1ab15ae7983e","COT-2026-0261","11-Dirección General de Servicios Públicos Municipales","","Indicios de camión o maquinaria pesada; partida 29801 por tipo de material","No"
"12da9686-9b7c-4b73-9507-c843af1bdf83","COT-2026-0033","11-Dirección General de Servicios Públicos Municipales","29801","Asignación general a 11 por falta de tipo específico; partida 29801 por tipo de material","Si"
"12ea3158-6bea-4953-a091-b8bd717b0c1b","COT-2026-0327","","29801","Indicios de camión o maquinaria pesada; partida 29801 por tipo de material","No"
"12ff1c2c-7103-4a05-9d9e-8a0830cb71b7","COT-2026-0241","09-Jefatura de Policía Preventiva y Tránsito Municipal","29801","Indicios de gasolina o vehículo ligero; partida 29801 por tipo de material","No"
"14dee293-c399-447d-ac6b-c57311d6647e","COT-2026-0267","11-Dirección General de Servicios Públicos Municipales","29801","Asignación general a 11 por falta de tipo específico; partida 29801 por tipo de material","Si"
"154dff8f-2e5c-4f8b-8681-2ae78c61ac11","COT-2026-0132","11-Dirección General de Servicios Públicos Municipales","","Indicios de camión o maquinaria pesada; partida 29801 por tipo de material","No"
"16fbb034-4a28-5209-9cc3-90571d58f44a","01233-2026-CT","11-Dirección General de Servicios Públicos Municipales","","Indicios de camión o maquinaria pesada; partida 29801 por tipo de material","No"
"17051209-519d-5b41-8049-353f6172cbca","01236-2026-CT","11-Dirección General de Servicios Públicos Municipales","","Indicios de camión o maquinaria pesada; partida 29801 por tipo de material","No"
"170d085c-d058-41ce-a3b5-6a820fa3d263","COT-2026-0238","09-Jefatura de Policía Preventiva y Tránsito Municipal","","Indicios de gasolina o vehículo ligero; partida 29601 por tipo de material","No"
"17344f5d-308d-4851-9e9a-beeeb48b1ac9","COT-2026-0080","11-Dirección General de Servicios Públicos Municipales","29801","Asignación general a 11 por falta de tipo específico; partida 29801 por tipo de material","Si"
"1753c1e3-9db7-48e8-86b2-163374edf690","COT-2026-0214","","29601","Indicios de gasolina o vehículo ligero; partida 29601 por tipo de material","No"
"17bb1df8-e3bc-47f1-8639-e982564ac873","COT-2026-0022","11-Dirección General de Servicios Públicos Municipales","","Asignación general a 11 por falta de tipo específico; partida 26102 por tipo de material","Si"
"186d0f98-edf1-56d7-a98b-326cabb993a4","00984-2026-CT","11-Dirección General de Servicios Públicos Municipales","","Indicios de camión o maquinaria pesada; partida 29801 por tipo de material","No"
"18ad13fa-5b2c-4078-8c56-f5f35ebe2e20","COT-2026-0403","","29801","Indicios de camión o maquinaria pesada; partida 29801 por tipo de material","No"
"19fd82a7-bb4b-5d68-9d4b-785110f05c94","01034-2026-CT","11-Dirección General de Servicios Públicos Municipales","","Indicios de camión o maquinaria pesada; partida 29801 por tipo de material","No"
"1a152c4c-b2cf-5ead-886f-53559f454686","01433-2026-CT","11-Dirección General de Servicios Públicos Municipales","29801","Indicios de camión o maquinaria pesada; partida 29801 por categoría predominante en importe","No"
"1a1b0d21-cb27-4093-8058-ee8f11190113","COT-2026-0206","11-Dirección General de Servicios Públicos Municipales","29801","Asignación general a 11 por falta de tipo específico; partida 29801 por tipo de material","Si"
"1a64e95f-9e13-51af-af99-be6d761b1655","01069-2026-CT","11-Dirección General de Servicios Públicos Municipales","","Indicios de camión o maquinaria pesada; partida 29801 por tipo de material","No"
"1abb74a9-d72e-4298-8e55-6b8e49d858e5","COT-2026-0209","","29601","Indicios de gasolina o vehículo ligero; partida 29601 por tipo de material","No"
"1adfc7fd-75ac-45f5-9652-7f9130bb0051","COT-2026-0302","11-Dirección General de Servicios Públicos Municipales","29801","Asignación general a 11 por falta de tipo específico; partida 29801 por tipo de material","Si"
"1b52f8a3-5516-5844-861f-912bd35b5775","01089-2026-CT","11-Dirección General de Servicios Públicos Municipales","","Indicios de camión o maquinaria pesada; partida 29801 por tipo de material","No"
"1b88d57f-596a-4eaf-8bc9-450c037f2fdd","COT-2026-0190","09-Jefatura de Policía Preventiva y Tránsito Municipal","29801","Indicios de gasolina o vehículo ligero; partida 29801 por tipo de material","No"
"1bcfe824-05dc-4fc4-a119-2ed0a7094a1b","COT-2026-0192","09-Jefatura de Policía Preventiva y Tránsito Municipal","","Indicios de gasolina o vehículo ligero; partida 29601 por tipo de material","No"
"1bec5ab0-5e86-561a-a3dd-df3666525bf5","01638-2026-CT","11-Dirección General de Servicios Públicos Municipales","","Indicios de camión o maquinaria pesada; partida 29801 por tipo de material","No"
"1d7c4866-24af-40d0-bfa7-80fd40230c82","COT-2026-0305","09-Jefatura de Policía Preventiva y Tránsito Municipal","29601","Indicios de gasolina o vehículo ligero; partida 29601 por tipo de material","No"
"1e47f547-9211-4174-8486-4613e5e3e723","COT-2026-0016","11-Dirección General de Servicios Públicos Municipales","","Asignación general a 11 por falta de tipo específico; partida 26102 por tipo de material","Si"
"1f5749e9-98a6-4a3d-88a0-13e408575d0d","COT-2026-0340","","29801","Dependencia 09 existente; partida 29801 por tipo de material","No"
"1f8fb8b2-b166-418b-80dd-2fb69716a1e7","COT-2026-0060","11-Dirección General de Servicios Públicos Municipales","29801","Asignación general a 11 por falta de tipo específico; partida 29801 por tipo de material","Si"
"1ffb0916-fb33-4d70-be6c-41014649af63","COT-2026-0424","11-Dirección General de Servicios Públicos Municipales","29801","Asignación general a 11 por falta de tipo específico; partida 29801 por tipo de material","Si"
"20285305-d379-443c-8b18-7bd954a5d805","COT-2026-0406","11-Dirección General de Servicios Públicos Municipales","26102","Asignación general a 11 por falta de tipo específico; partida 26102 por tipo de material","Si"
"203f6507-931f-47b4-bbee-1683813ccfad","COT-2026-0105","11-Dirección General de Servicios Públicos Municipales","29801","Asignación general a 11 por falta de tipo específico; partida 29801 por tipo de material","Si"
"20467fa3-aaaf-467e-82ee-19252c784a7d","COT-2026-0006","","26102","Indicios de camión o maquinaria pesada; partida 26102 por tipo de material","No"
"21d89c28-fa2a-4d55-bbfb-15dd04506665","COT-2026-0081","11-Dirección General de Servicios Públicos Municipales","","Indicios de camión o maquinaria pesada; partida 29801 por tipo de material","No"
"23452a10-1668-43d0-b9f3-97df73899a63","COT-2026-0116","11-Dirección General de Servicios Públicos Municipales","29801","Asignación general a 11 por falta de tipo específico; partida 29801 por tipo de material","Si"
"234a5e1a-1869-57b5-b5d3-0c85fb1212bf","01615-2026-CT","09-Jefatura de Policía Preventiva y Tránsito Municipal","","Indicios de gasolina o vehículo ligero; partida 29601 por tipo de material","No"
"26026d46-d938-47da-b2db-684db912cd76","COT-2026-0382","11-Dirección General de Servicios Públicos Municipales","29801","Asignación general a 11 por falta de tipo específico; partida 29801 por tipo de material","Si"
"26f2a9be-aed4-4dba-a6c0-5967efecc2e1","COT-2026-0425","11-Dirección General de Servicios Públicos Municipales","29801","Asignación general a 11 por falta de tipo específico; partida 29801 por tipo de material","Si"
"26fb1711-f330-4526-816a-c2114fa85519","COT-2026-0444","09-Jefatura de Policía Preventiva y Tránsito Municipal","","Indicios de gasolina o vehículo ligero; partida 29601 por tipo de material","No"
"2767b10d-31e6-4720-ab63-7b85941773f7","COT-2026-0184","09-Jefatura de Policía Preventiva y Tránsito Municipal","","Indicios de gasolina o vehículo ligero; partida 29601 por tipo de material","No"
"27e9e624-b9e7-49d4-ba35-dd5b0e2161f5","COT-2026-0193","09-Jefatura de Policía Preventiva y Tránsito Municipal","","Indicios de gasolina o vehículo ligero; partida 29601 por tipo de material","No"
"28270179-6912-40d2-8cd6-6b8208f25724","COT-2026-0144","09-Jefatura de Policía Preventiva y Tránsito Municipal","","Indicios de gasolina o vehículo ligero; partida 29601 por tipo de material","No"
"283c2f9d-04b3-562f-83d0-227d6869ba66","01627-2026-CT","11-Dirección General de Servicios Públicos Municipales","","Asignación general a 11 por falta de tipo específico; partida 26102 por tipo de material","Si"
"28ee729a-cbc2-5eac-a466-ba94db0d009d","01043-2026-CT","11-Dirección General de Servicios Públicos Municipales","","Indicios de camión o maquinaria pesada; partida 29801 por tipo de material","No"
"29cc487c-92fc-4c69-a3be-4645be828c17","COT-2026-0125","09-Jefatura de Policía Preventiva y Tránsito Municipal","29601","Indicios de gasolina o vehículo ligero; partida 29601 por tipo de material","No"
"2a0a8967-3859-5ac9-ab7b-a36068793b2c","01480-2026-CT","09-Jefatura de Policía Preventiva y Tránsito Municipal","","Indicios de gasolina o vehículo ligero; partida 29601 por tipo de material","No"
"2b2cd092-4b77-4cbe-ad24-83adae32908e","COT-2026-0292","11-Dirección General de Servicios Públicos Municipales","29801","Asignación general a 11 por falta de tipo específico; partida 29801 por tipo de material","Si"
"2b71e237-414f-4e5d-8c64-3c8d39348518","COT-2026-0224","11-Dirección General de Servicios Públicos Municipales","29801","Asignación general a 11 por falta de tipo específico; partida 29801 por tipo de material","Si"
"2b8d798c-65ad-48b8-b10a-cdef44176549","COT-2026-0288","11-Dirección General de Servicios Públicos Municipales","","Indicios de camión o maquinaria pesada; partida 29801 por tipo de material","No"
"2d77e26e-8f6b-4ff8-b485-045fd605972a","COT-2026-0388","11-Dirección General de Servicios Públicos Municipales","29801","Asignación general a 11 por falta de tipo específico; partida 29801 por tipo de material","Si"
"2e884205-1952-4fe2-b54f-b20de9b00aba","COT-2026-0304","09-Jefatura de Policía Preventiva y Tránsito Municipal","","Indicios de gasolina o vehículo ligero; partida 29601 por tipo de material","No"
"2e8eea63-f7e8-594c-a449-242300aa680a","01037-2026-CT","11-Dirección General de Servicios Públicos Municipales","","Indicios de camión o maquinaria pesada; partida 29801 por tipo de material","No"
"2f51c70e-ae94-5b18-813d-d43860a8c32c","01639-2026-CT","09-Jefatura de Policía Preventiva y Tránsito Municipal","","Indicios de gasolina o vehículo ligero; partida 29601 por tipo de material","No"
"2f593bb7-a668-40bb-a44d-79d3a6f97afd","COT-2026-0178","09-Jefatura de Policía Preventiva y Tránsito Municipal","","Indicios de gasolina o vehículo ligero; partida 29601 por tipo de material","No"
"2fdf2c84-f0ee-41cd-90b4-c4b02b49f57b","COT-2026-0287","09-Jefatura de Policía Preventiva y Tránsito Municipal","","Indicios de gasolina o vehículo ligero; partida 29601 por tipo de material","No"
"3066a7a1-8f0d-4f5e-84b2-ead0449ee54a","COT-2026-0291","09-Jefatura de Policía Preventiva y Tránsito Municipal","29601","Indicios de gasolina o vehículo ligero; partida 29601 por tipo de material","No"
"3088bd51-1326-4bde-ae4e-2dc9f91f699f","COT-2026-0024","11-Dirección General de Servicios Públicos Municipales","29801","Asignación general a 11 por falta de tipo específico; partida 29801 por tipo de material","Si"
"30943950-3bbb-4828-8f86-ce4544caf598","COT-2026-0235","09-Jefatura de Policía Preventiva y Tránsito Municipal","","Indicios de gasolina o vehículo ligero; partida 29601 por tipo de material","No"
"30d0d7b9-328b-4cb2-97a7-dbf0224c8f4b","COT-2026-0106","11-Dirección General de Servicios Públicos Municipales","29801","Asignación general a 11 por falta de tipo específico; partida 29801 por tipo de material","Si"
"3257911d-20eb-4d13-9e87-e986b1a9ed06","COT-2026-0038","11-Dirección General de Servicios Públicos Municipales","29801","Asignación general a 11 por falta de tipo específico; partida 29801 por tipo de material","Si"
"326ed5dd-de1c-48d3-b159-8a9a28b741ab","COT-2026-0048","11-Dirección General de Servicios Públicos Municipales","29801","Indicios de camión o maquinaria pesada; partida 29801 por tipo de material","No"
"3289e9ee-13f6-46b0-bec4-002a6f878bbe","COT-2026-0225","11-Dirección General de Servicios Públicos Municipales","29801","Asignación general a 11 por falta de tipo específico; partida 29801 por tipo de material","Si"
"32b4ab01-418e-4e6c-88f3-9bc135412135","COT-2026-0263","","29801","Indicios de camión o maquinaria pesada; partida 29801 por tipo de material","No"
"330a7e42-90d3-4878-8081-917b6e0e86fa","COT-2026-0301","11-Dirección General de Servicios Públicos Municipales","29801","Asignación general a 11 por falta de tipo específico; partida 29801 por tipo de material","Si"
"33217dee-a334-4ad3-ae92-40efbb7949c8","COT-2026-0330","11-Dirección General de Servicios Públicos Municipales","29801","Asignación general a 11 por falta de tipo específico; partida 29801 por tipo de material","Si"
"343f4383-a81a-46be-83e0-2c87a8f90c4d","COT-2026-0084","11-Dirección General de Servicios Públicos Municipales","29801","Indicios de camión o maquinaria pesada; partida 29801 por tipo de material","No"
"344dd095-a742-5199-b1ad-4bcdc2bb98d0","01213-2026-CT","11-Dirección General de Servicios Públicos Municipales","","Indicios de camión o maquinaria pesada; partida 29801 por tipo de material","No"
"360a42e1-2eff-4da7-9c80-7aebf53b10a3","COT-2026-0423","11-Dirección General de Servicios Públicos Municipales","29801","Asignación general a 11 por falta de tipo específico; partida 29801 por tipo de material","Si"
"36dd17f6-6515-452a-8578-755fbaa6f8a5","COT-2026-0150","09-Jefatura de Policía Preventiva y Tránsito Municipal","","Indicios de gasolina o vehículo ligero; partida 29601 por tipo de material","No"
"37019c43-f027-4719-ad57-346627655dd4","COT-2026-0348","09-Jefatura de Policía Preventiva y Tránsito Municipal","29801","Indicios de gasolina o vehículo ligero; partida 29801 por tipo de material","No"
"370b9321-2c6f-4418-913e-66b1a240cfb4","COT-2026-0256","11-Dirección General de Servicios Públicos Municipales","","Indicios de camión o maquinaria pesada; partida 29801 por tipo de material","No"
"37ca66cb-a8a1-465f-993d-f4204edb8ce3","COT-2026-0343","11-Dirección General de Servicios Públicos Municipales","29801","Asignación general a 11 por falta de tipo específico; partida 29801 por tipo de material","Si"
"37fd0062-c50c-5b7f-8237-077e77e51036","00449-2026-CT","09-Jefatura de Policía Preventiva y Tránsito Municipal","29801","Indicios de gasolina o vehículo ligero; partida 29801 por tipo de material","No"
"38614a51-44c9-4940-9e51-483c8f461d6f","COT-2026-0010","11-Dirección General de Servicios Públicos Municipales","26102","Asignación general a 11 por falta de tipo específico; partida 26102 por tipo de material","Si"
"397f9753-ffd5-43d8-b752-04f20312614b","COT-2026-0102","11-Dirección General de Servicios Públicos Municipales","29801","Indicios de camión o maquinaria pesada; partida 29801 por tipo de material","No"
"398fa5ec-4c39-529a-bf2b-8732db50a9e3","01634-2026-CT","09-Jefatura de Policía Preventiva y Tránsito Municipal","","Indicios de gasolina o vehículo ligero; partida 29601 por tipo de material","No"
"39c406cd-0f17-41c2-a2b3-d57d9a735eff","COT-2026-0428","","29801","Indicios de gasolina o vehículo ligero; partida 29801 por tipo de material","No"
"3adc91be-e7ea-47f0-8e5f-cb13f5ae2df3","COT-2026-0211","09-Jefatura de Policía Preventiva y Tránsito Municipal","","Indicios de gasolina o vehículo ligero; partida 29601 por tipo de material","No"
"3ae8bc18-6830-5ea6-9e3a-1c6aa1bf083e","01090-2026-CT","11-Dirección General de Servicios Públicos Municipales","","Indicios de camión o maquinaria pesada; partida 29801 por tipo de material","No"
"3b21a0cf-ae90-4767-8661-fb0a882246a4","COT-2026-0220","11-Dirección General de Servicios Públicos Municipales","29801","Indicios de camión o maquinaria pesada; partida 29801 por tipo de material","No"
"3cc5c197-a378-4190-acbe-93702e75051a","COT-2026-0040","11-Dirección General de Servicios Públicos Municipales","29801","Asignación general a 11 por falta de tipo específico; partida 29801 por tipo de material","Si"
"3df50f3e-849c-4e76-a5a0-62347a7334aa","COT-2026-0323","09-Jefatura de Policía Preventiva y Tránsito Municipal","","Indicios de gasolina o vehículo ligero; partida 29601 por tipo de material","No"
"3e2ec835-472f-45b5-ba46-c0d1bd17538a","COT-2026-0393","11-Dirección General de Servicios Públicos Municipales","29801","Indicios de camión o maquinaria pesada; partida 29801 por tipo de material","No"
"3f97a5ab-b11b-443f-8d79-b2c8bdf395bc","COT-2026-0339","11-Dirección General de Servicios Públicos Municipales","29801","Asignación general a 11 por falta de tipo específico; partida 29801 por tipo de material","Si"
"3fa54130-9b71-4f72-96d2-5f1e06201120","COT-2026-0430","11-Dirección General de Servicios Públicos Municipales","","Asignación general a 11 por falta de tipo específico; partida 26102 por tipo de material","Si"
"3fc3f9f1-dd45-4a4f-a86c-41f85a60ca87","COT-2026-0173","11-Dirección General de Servicios Públicos Municipales","","Indicios de camión o maquinaria pesada; partida 29801 por tipo de material","No"
"40bb22f6-76dc-5b39-8355-1806110f5ac1","01602-2026-CT","11-Dirección General de Servicios Públicos Municipales","","Indicios de camión o maquinaria pesada; partida 29801 por tipo de material","No"
"40dc7d7d-fc16-453c-b9e5-b155d9434495","COT-2026-0429","11-Dirección General de Servicios Públicos Municipales","","Asignación general a 11 por falta de tipo específico; partida 26102 por tipo de material","Si"
"42258daa-87af-5cbe-bfa6-0e9315f5575e","01051-2026-CT","","29801","Indicios de gasolina o vehículo ligero; partida 29801 por tipo de material","No"
"424cad0b-2f0e-59c1-912b-d55f0aa973e7","01632-2026-CT","11-Dirección General de Servicios Públicos Municipales","29801","Asignación general a 11 por falta de tipo específico; partida 29801 por tipo de material","Si"
"424e4607-ab71-5c24-9cf5-14d8ce3daab7","01586-2026-CT","11-Dirección General de Servicios Públicos Municipales","","Indicios de camión o maquinaria pesada; partida 29801 por tipo de material","No"
"425210cc-3a44-40b5-b20c-d4cdf309fae6","COT-2026-0310","11-Dirección General de Servicios Públicos Municipales","29801","Asignación general a 11 por falta de tipo específico; partida 29801 por tipo de material","Si"
"4326d2e9-01ad-4159-a9da-c9d4dcb83a9a","COT-2026-0278","11-Dirección General de Servicios Públicos Municipales","","Indicios de camión o maquinaria pesada; partida 29801 por tipo de material","No"
"434563c4-6692-4910-895b-7b3ef8a22490","COT-2026-0448","","29801","Dependencia 09 existente; partida 29801 por tipo de material","No"
"443e0850-49bb-59ca-a557-0d80e3804b67","01640-2026-CT","11-Dirección General de Servicios Públicos Municipales","","Asignación general a 11 por falta de tipo específico; partida 29801 por tipo de material","Si"
"45469b4e-e291-4f3e-a70d-6335396add72","COT-2026-0364","","29801","Indicios de camión o maquinaria pesada; partida 29801 por tipo de material","No"
"454b6b4c-68f1-47c9-aaed-3c4545e551db","COT-2026-0280","11-Dirección General de Servicios Públicos Municipales","29801","Asignación general a 11 por falta de tipo específico; partida 29801 por tipo de material","Si"
"4652dbba-ec79-476d-96c7-3cf0ad19a544","COT-2026-0437","11-Dirección General de Servicios Públicos Municipales","29801","Asignación general a 11 por falta de tipo específico; partida 29801 por tipo de material","Si"
"497c30c0-2f79-411b-b9a8-a89ce1db6c2e","COT-2026-0422","11-Dirección General de Servicios Públicos Municipales","29801","Asignación general a 11 por falta de tipo específico; partida 29801 por tipo de material","Si"
"49f6642f-db28-53d1-8ab6-261cff01d23d","01091-2026-CT","","29801","Indicios de gasolina o vehículo ligero; partida 29801 por tipo de material","No"
"4a72b1bf-0250-4875-9d2d-6d52c9e09ce2","COT-2026-0146","","26102","Indicios de gasolina o vehículo ligero; partida 26102 por categoría predominante en importe","No"
"4affb1c4-08bb-4b5b-8a07-ddb786c12846","COT-2026-0341","","29801","Dependencia 09 existente; partida 29801 por tipo de material","No"
"4bcf3b9c-b618-535f-8f89-e2444a5e7ca5","01398-2026-CT","09-Jefatura de Policía Preventiva y Tránsito Municipal","","Indicios de gasolina o vehículo ligero; partida 29601 por tipo de material","No"
"4c1acdba-6b72-477c-9667-f6bf253e1ea1","COT-2026-0179","11-Dirección General de Servicios Públicos Municipales","29801","Asignación general a 11 por falta de tipo específico; partida 29801 por tipo de material","Si"
"4c751dec-3f09-5ac1-8dc8-66ec2beddf3b","01630-2026-CT","09-Jefatura de Policía Preventiva y Tránsito Municipal","","Indicios de gasolina o vehículo ligero; partida 29601 por tipo de material","No"
"4ca7cf4e-e36f-4f18-a4e1-7af331259218","COT-2026-0166","11-Dirección General de Servicios Públicos Municipales","29801","Asignación general a 11 por falta de tipo específico; partida 29801 por tipo de material","Si"
"4dc4e7f4-529b-4ac4-87a5-ed51cd131627","COT-2026-0099","11-Dirección General de Servicios Públicos Municipales","29801","Asignación general a 11 por falta de tipo específico; partida 29801 por tipo de material","Si"
"4dd2b6f5-4e06-4ce4-b84b-d302fb5fbaea","COT-2026-0219","","29801","Indicios de camión o maquinaria pesada; partida 29801 por tipo de material","No"
"4df806a0-a8af-5ce9-9314-92f1ff1441f9","01045-2026-CT","11-Dirección General de Servicios Públicos Municipales","","Indicios de camión o maquinaria pesada; partida 29801 por tipo de material","No"
"4eb6b503-44b7-42d3-bf4c-83b427ec21d6","COT-2026-0213","09-Jefatura de Policía Preventiva y Tránsito Municipal","29801","Indicios de gasolina o vehículo ligero; partida 29801 por tipo de material","No"
"4eea308d-39b4-4184-94bd-be1468241e71","COT-2026-0121","09-Jefatura de Policía Preventiva y Tránsito Municipal","","Indicios de gasolina o vehículo ligero; partida 29601 por tipo de material","No"
"4f30a6a7-dd15-5bc8-a6a2-ade7e2a55c7c","01042-2026-CT","","29801","Indicios de gasolina o vehículo ligero; partida 29801 por tipo de material","No"
"501145d8-dcb8-4618-bfe4-9bd25a9cfa31","COT-2026-0079","","26102","Indicios de camión o maquinaria pesada; partida 26102 por tipo de material","No"
"50aefb12-0491-49ba-a520-d5e9868942df","COT-2026-0096","11-Dirección General de Servicios Públicos Municipales","29801","Asignación general a 11 por falta de tipo específico; partida 29801 por tipo de material","Si"
"5103357d-7759-4689-895b-6e4acc2c72bc","COT-2026-0064","09-Jefatura de Policía Preventiva y Tránsito Municipal","29601","Indicios de gasolina o vehículo ligero; partida 29601 por tipo de material","No"
"51cf3654-50b7-5b35-9fe1-be302b1c0bec","01278-2026-CT","09-Jefatura de Policía Preventiva y Tránsito Municipal","","Indicios de gasolina o vehículo ligero; partida 29601 por tipo de material","No"
"51fcfa0f-ed4c-4674-83e7-810dac2beca4","COT-2026-0017","11-Dirección General de Servicios Públicos Municipales","29801","Asignación general a 11 por falta de tipo específico; partida 29801 por tipo de material","Si"
"526a44b1-cb87-4865-a1c6-f04c32662d06","COT-2026-0071","11-Dirección General de Servicios Públicos Municipales","29801","Asignación general a 11 por falta de tipo específico; partida 29801 por tipo de material","Si"
"52af3225-3cda-4ff6-87f0-2826995dbcc5","COT-2026-0236","09-Jefatura de Policía Preventiva y Tránsito Municipal","","Indicios de gasolina o vehículo ligero; partida 29601 por tipo de material","No"
"52c3f5f3-f669-40de-82eb-43e0f0e77452","COT-2026-0435","11-Dirección General de Servicios Públicos Municipales","29801","Asignación general a 11 por falta de tipo específico; partida 29801 por tipo de material","Si"
"532fcefb-82ea-460a-a021-b2297e03b6ae","COT-2026-0112","11-Dirección General de Servicios Públicos Municipales","29801","Asignación general a 11 por falta de tipo específico; partida 29801 por tipo de material","Si"
"536d0cb3-0e41-5154-a389-2693a3e500b7","01478-2026-CT","09-Jefatura de Policía Preventiva y Tránsito Municipal","","Indicios de gasolina o vehículo ligero; partida 29601 por tipo de material","No"
"54397d7c-1cc2-4483-bb23-a82b96697c3f","COT-2026-0299","09-Jefatura de Policía Preventiva y Tránsito Municipal","","Indicios de gasolina o vehículo ligero; partida 29601 por tipo de material","No"
"55e4942b-a254-430f-acb0-f499ccd99f07","COT-2026-0091","11-Dirección General de Servicios Públicos Municipales","29801","Asignación general a 11 por falta de tipo específico; partida 29801 por tipo de material","Si"
"56086617-deef-5c6c-974a-a4a1ec0befcb","01623-2026-CT","11-Dirección General de Servicios Públicos Municipales","","Asignación general a 11 por falta de tipo específico; partida 26102 por tipo de material","Si"
"564c673b-15ef-4ac3-b475-db88def9e01f","COT-2026-0249","11-Dirección General de Servicios Públicos Municipales","","Asignación general a 11 por falta de tipo específico; partida 26102 por tipo de material","Si"
"56ee77cc-cd61-49fc-a5c0-028bae4dc36e","COT-2026-0312","11-Dirección General de Servicios Públicos Municipales","29801","Asignación general a 11 por falta de tipo específico; partida 29801 por tipo de material","Si"
"57642fea-2b11-4e86-bae2-1462d39e76b6","COT-2026-0063","11-Dirección General de Servicios Públicos Municipales","29801","Asignación general a 11 por falta de tipo específico; partida 29801 por tipo de material","Si"
"580b528c-fdc7-4a33-99e4-b2e462238d5f","COT-2026-0136","09-Jefatura de Policía Preventiva y Tránsito Municipal","","Indicios de gasolina o vehículo ligero; partida 29601 por tipo de material","No"
"5830ba2b-ebc6-476a-a9a3-c3ad2445d54e","COT-2026-0433","11-Dirección General de Servicios Públicos Municipales","29801","Asignación general a 11 por falta de tipo específico; partida 29801 por tipo de material","Si"
"5899c2e4-370d-45ee-974c-6de05d18e5e4","COT-2026-0413","11-Dirección General de Servicios Públicos Municipales","29801","Asignación general a 11 por falta de tipo específico; partida 29801 por tipo de material","Si"
"58b51a87-c836-5cbb-859d-807efd3c8645","01039-2026-CT","11-Dirección General de Servicios Públicos Municipales","","Indicios de camión o maquinaria pesada; partida 29801 por tipo de material","No"
"5a58d07e-1e95-492d-a65f-ee9ab2fc58e7","COT-2026-0074","11-Dirección General de Servicios Públicos Municipales","29801","Asignación general a 11 por falta de tipo específico; partida 29801 por tipo de material","Si"
"5a73f43e-b503-47cb-b2dc-dac71eac977f","COT-2026-0447","09-Jefatura de Policía Preventiva y Tránsito Municipal","","Indicios de gasolina o vehículo ligero; partida 29601 por tipo de material","No"
"5b24a123-bd3d-5856-b3e6-ff6eb84196e9","01483-2026-CT","09-Jefatura de Policía Preventiva y Tránsito Municipal","26102","Indicios de gasolina o vehículo ligero; partida 26102 por categoría predominante en importe","No"
"5c0cf909-97bc-56a7-a0c6-69ee780324e4","01527-2026-CT","11-Dirección General de Servicios Públicos Municipales","29801","Indicios de camión o maquinaria pesada; partida 29801 por tipo de material","No"
"5c0d14ab-70a7-4d78-bc7e-20e0866db365","COT-2026-0124","11-Dirección General de Servicios Públicos Municipales","26102","Asignación general a 11 por falta de tipo específico; partida 26102 por categoría predominante en importe","Si"
"5c87d0dd-7e2e-540b-8ee3-118ae2c97c0e","01438-2026-CT","","29801","Indicios de gasolina o vehículo ligero; partida 29801 por tipo de material","No"
"5d1f79cd-bc71-5b01-844d-ab4742a4f323","01232-2026-CT","11-Dirección General de Servicios Públicos Municipales","","Indicios de camión o maquinaria pesada; partida 29801 por tipo de material","No"
"5d8c8218-dae8-4bea-beef-6056000e37d2","COT-2026-0032","11-Dirección General de Servicios Públicos Municipales","29801","Asignación general a 11 por falta de tipo específico; partida 29801 por tipo de material","Si"
"5eeaf867-4323-4fab-9d46-c9232fe5b22a","COT-2026-0135","09-Jefatura de Policía Preventiva y Tránsito Municipal","","Indicios de gasolina o vehículo ligero; partida 29601 por tipo de material","No"
"5fdfdad9-03d2-53f9-996c-1e7993a3236e","01528-2026-CT","11-Dirección General de Servicios Públicos Municipales","29801","Indicios de camión o maquinaria pesada; partida 29801 por tipo de material","No"
"62deb799-46a7-4e39-b338-329fea412af4","COT-2026-0347","","29801","Indicios de gasolina o vehículo ligero; partida 29801 por tipo de material","No"
"632489ca-d5c9-41fe-9864-1a6d8661ed72","COT-2026-0398","09-Jefatura de Policía Preventiva y Tránsito Municipal","","Indicios de gasolina o vehículo ligero; partida 29601 por tipo de material","No"
"64087e17-1693-4670-afaa-d5269424e484","COT-2026-0171","11-Dirección General de Servicios Públicos Municipales","29801","Asignación general a 11 por falta de tipo específico; partida 29801 por tipo de material","Si"
"6414cdc3-d3a4-41c0-8d97-649eaf4d69b6","COT-2026-0013","11-Dirección General de Servicios Públicos Municipales","29801","Asignación general a 11 por falta de tipo específico; partida 29801 por tipo de material","Si"
"6434fcbe-0c32-56a2-91e2-fc979ae0eca3","01190-2026-CT","11-Dirección General de Servicios Públicos Municipales","","Indicios de camión o maquinaria pesada; partida 29801 por tipo de material","No"
"656adc58-ee78-47a8-8fa7-4d133a2f8a28","COT-2026-0313","11-Dirección General de Servicios Públicos Municipales","29801","Asignación general a 11 por falta de tipo específico; partida 29801 por tipo de material","Si"
"66e542b3-3dd5-4ccc-8756-a5a9fbd6407f","COT-2026-0410","09-Jefatura de Policía Preventiva y Tránsito Municipal","29601","Indicios de gasolina o vehículo ligero; partida 29601 por tipo de material","No"
"670f3c23-2f86-45f0-9610-c1738d79d4be","COT-2026-0005","","29801","Indicios de camión o maquinaria pesada; partida 29801 por tipo de material","No"
"673c498f-e27f-4003-a2ff-31ecfa24cdbe","COT-2026-0056","11-Dirección General de Servicios Públicos Municipales","29801","Asignación general a 11 por falta de tipo específico; partida 29801 por tipo de material","Si"
"6767115c-3b41-4239-b51c-b4d3bc291845","COT-2026-0062","11-Dirección General de Servicios Públicos Municipales","29801","Asignación general a 11 por falta de tipo específico; partida 29801 por tipo de material","Si"
"6800e21b-45c7-56d6-870e-a1d9c8afb2da","01053-2026-CT","11-Dirección General de Servicios Públicos Municipales","","Indicios de camión o maquinaria pesada; partida 29801 por tipo de material","No"
"693ebca6-d14a-4a52-9646-6d7d06147eba","COT-2026-0076","11-Dirección General de Servicios Públicos Municipales","29801","Asignación general a 11 por falta de tipo específico; partida 29801 por tipo de material","Si"
"696880bc-4212-41c0-a355-41cddce3f1bd","COT-2026-0151","09-Jefatura de Policía Preventiva y Tránsito Municipal","","Indicios de gasolina o vehículo ligero; partida 29601 por tipo de material","No"
"69d7b7b5-3ab6-5f52-91b0-8875d8693970","01229-2026-CT","11-Dirección General de Servicios Públicos Municipales","","Indicios de camión o maquinaria pesada; partida 29801 por tipo de material","No"
"69dd5459-5ee4-4706-add5-6f1683c0b5ee","COT-2026-0113","11-Dirección General de Servicios Públicos Municipales","29801","Asignación general a 11 por falta de tipo específico; partida 29801 por tipo de material","Si"
"6a0292f1-f624-4022-bc35-eaefb04358f6","COT-2026-0021","11-Dirección General de Servicios Públicos Municipales","29801","Asignación general a 11 por falta de tipo específico; partida 29801 por tipo de material","Si"
"6a1143af-88c8-5b94-9b49-d8cc0e24288d","01440-2026-CT","09-Jefatura de Policía Preventiva y Tránsito Municipal","","Indicios de gasolina o vehículo ligero; partida 29601 por tipo de material","No"
"6a32fb12-b81e-4d56-813f-554c5f5df035","COT-2026-0120","11-Dirección General de Servicios Públicos Municipales","29801","Asignación general a 11 por falta de tipo específico; partida 29801 por tipo de material","Si"
"6a95f105-262f-468d-a989-d5b3f332bf45","COT-2026-0088","11-Dirección General de Servicios Públicos Municipales","29801","Indicios de camión o maquinaria pesada; partida 29801 por tipo de material","No"
"6bce067f-afb5-4155-8c7f-8e2309004984","COT-2026-0242","09-Jefatura de Policía Preventiva y Tránsito Municipal","29801","Indicios de gasolina o vehículo ligero; partida 29801 por tipo de material","No"
"6bf9014d-3621-51f9-813e-5dd7f029c611","01016-2026-CT","","29801","Indicios de gasolina o vehículo ligero; partida 29801 por categoría predominante en importe","No"
"6c550c45-3d8d-4621-9db2-153e36cc16d0","COT-2026-0324","11-Dirección General de Servicios Públicos Municipales","29801","Asignación general a 11 por falta de tipo específico; partida 29801 por tipo de material","Si"
"6c951faf-252c-4c44-bccc-d051fcde9dad","COT-2026-0163","09-Jefatura de Policía Preventiva y Tránsito Municipal","","Indicios de gasolina o vehículo ligero; partida 29601 por tipo de material","No"
"6cc832ee-c8ab-5bc0-b13f-c672ae223ec4","01033-2026-CT","11-Dirección General de Servicios Públicos Municipales","","Indicios de camión o maquinaria pesada; partida 29801 por tipo de material","No"
"6d7e47c4-7abc-4b17-985d-b38d23ba82a5","COT-2026-0154","11-Dirección General de Servicios Públicos Municipales","29801","Asignación general a 11 por falta de tipo específico; partida 29801 por tipo de material","Si"
"6dc29c8e-d3b3-47b8-9e80-fcbd4d7df91b","COT-2026-0202","","29801","Indicios de camión o maquinaria pesada; partida 29801 por tipo de material","No"
"7294f72a-a9c0-41b3-85ae-7a40d5671f7b","COT-2026-0376","09-Jefatura de Policía Preventiva y Tránsito Municipal","","Indicios de gasolina o vehículo ligero; partida 29601 por tipo de material","No"
"72af122f-ec61-4dc6-a194-70678d9fcd01","COT-2026-0208","11-Dirección General de Servicios Públicos Municipales","29801","Asignación general a 11 por falta de tipo específico; partida 29801 por tipo de material","Si"
"72d56cdd-cbfb-45a9-a6c4-d07a06b43737","COT-2026-0216","","29601","Indicios de gasolina o vehículo ligero; partida 29601 por tipo de material","No"
"73889580-2270-435d-ab81-7058a5885fa8","COT-2026-0226","11-Dirección General de Servicios Públicos Municipales","29801","Asignación general a 11 por falta de tipo específico; partida 29801 por tipo de material","Si"
"743a6e7a-894b-598c-a3c7-391c6d7a9fcc","01550-2026-CT","09-Jefatura de Policía Preventiva y Tránsito Municipal","","Indicios de gasolina o vehículo ligero; partida 29601 por categoría predominante en importe","No"
"7479c4fa-2bfc-51f0-b93b-cd9ad7f572b9","01230-2026-CT","11-Dirección General de Servicios Públicos Municipales","","Indicios de camión o maquinaria pesada; partida 29801 por tipo de material","No"
"74ba0bc6-dff3-45d4-a799-6c561f3ac32a","COT-2026-0322","09-Jefatura de Policía Preventiva y Tránsito Municipal","29801","Indicios de gasolina o vehículo ligero; partida 29801 por categoría predominante en importe","No"
"75c739be-548d-471e-94cc-1f4eb8706b52","COT-2026-0333","11-Dirección General de Servicios Públicos Municipales","","Asignación general a 11 por falta de tipo específico; partida 26102 por tipo de material","Si"
"75ca1fcb-f572-53cd-b664-5641393185a2","01179-2026-CT","11-Dirección General de Servicios Públicos Municipales","","Indicios de camión o maquinaria pesada; partida 26102 por tipo de material","No"
"75cf837b-73ee-47ad-94d0-298779eb12ba","COT-2026-0130","11-Dirección General de Servicios Públicos Municipales","29801","Asignación general a 11 por falta de tipo específico; partida 29801 por tipo de material","Si"
"75ec9f4a-fd52-4fe9-b3b6-d51eb77bae70","COT-2026-0439","","29801","Indicios de camión o maquinaria pesada; partida 29801 por tipo de material","No"
"76230e4c-0d73-42eb-b1ba-ae435535f5ae","COT-2026-0404","","29801","Indicios de camión o maquinaria pesada; partida 29801 por tipo de material","No"
"76613641-f792-5502-a37d-1f9eb77d3194","01346-2026-CT","09-Jefatura de Policía Preventiva y Tránsito Municipal","","Indicios de gasolina o vehículo ligero; partida 29601 por tipo de material","No"
"769fa0a5-3182-4bf1-89c4-3c1e8e5661f3","COT-2026-0223","11-Dirección General de Servicios Públicos Municipales","29801","Asignación general a 11 por falta de tipo específico; partida 29801 por tipo de material","Si"
"76d1d066-8707-518b-8b05-80b9adee4f11","01624-2026-CT","11-Dirección General de Servicios Públicos Municipales","","Asignación general a 11 por falta de tipo específico; partida 26102 por tipo de material","Si"
"772e092f-4d6a-4d3a-bf98-04b7fb965159","COT-2026-0384","11-Dirección General de Servicios Públicos Municipales","29801","Asignación general a 11 por falta de tipo específico; partida 29801 por tipo de material","Si"
"774d2702-49ba-58ad-94bf-515f91535688","01459-2026-CT","","26102","Indicios de camión o maquinaria pesada; partida 26102 por tipo de material","No"
"78c88e15-e3d6-4a3d-a42c-7b5720f9e113","COT-2026-0358","","29801","Asignación general a 11 por falta de tipo específico; partida 29801 por tipo de material","Si"
"794b3285-98ee-5ea6-96f3-a3157cf5ad33","01210-2026-CT","11-Dirección General de Servicios Públicos Municipales","","Indicios de camión o maquinaria pesada; partida 29801 por tipo de material","No"
"799b6be1-3091-48cc-950a-66ddb7c40c4c","COT-2026-0237","09-Jefatura de Policía Preventiva y Tránsito Municipal","","Indicios de gasolina o vehículo ligero; partida 29601 por tipo de material","No"
"7b2429f5-6168-5b21-9760-8bca3a430a9b","01549-2026-CT","09-Jefatura de Policía Preventiva y Tránsito Municipal","","Indicios de gasolina o vehículo ligero; partida 29601 por tipo de material","No"
"7b91734d-84a9-4efd-a5bf-b394578a935d","COT-2026-0264","09-Jefatura de Policía Preventiva y Tránsito Municipal","29601","Indicios de gasolina o vehículo ligero; partida 29601 por tipo de material","No"
"7bfdef4d-3ff0-41c5-9b7a-9c021747c5d2","COT-2026-0417","","29801","Indicios de camión o maquinaria pesada; partida 29801 por tipo de material","No"
"7c649e15-4631-4cfa-8475-28280cce817b","COT-2026-0290","11-Dirección General de Servicios Públicos Municipales","26102","Asignación general a 11 por falta de tipo específico; partida 26102 por categoría predominante en importe","Si"
"7cde4300-4b32-42bc-a71c-ec8586638059","COT-2026-0418","09-Jefatura de Policía Preventiva y Tránsito Municipal","29601","Indicios de gasolina o vehículo ligero; partida 29601 por tipo de material","No"
"7cfd36d2-2f27-4e52-9bf1-4ff1aaafaea2","COT-2026-0432","11-Dirección General de Servicios Públicos Municipales","29801","Asignación general a 11 por falta de tipo específico; partida 29801 por tipo de material","Si"
"7d0116e0-d7f3-438e-8f7e-0bc040fa8a44","COT-2026-0008","11-Dirección General de Servicios Públicos Municipales","29801","Asignación general a 11 por falta de tipo específico; partida 29801 por tipo de material","Si"
"7d8578ec-1d9c-4d25-a2f3-7da0e2111edc","COT-2026-0402","11-Dirección General de Servicios Públicos Municipales","","Asignación general a 11 por falta de tipo específico; partida 26102 por tipo de material","Si"
"7e433e55-c624-466a-b249-13b94bac3950","COT-2026-0129","11-Dirección General de Servicios Públicos Municipales","29801","Asignación general a 11 por falta de tipo específico; partida 29801 por tipo de material","Si"
"7e51e2fe-2b3d-4bb0-b439-0b9ae92bf532","COT-2026-0187","11-Dirección General de Servicios Públicos Municipales","","Indicios de camión o maquinaria pesada; partida 29801 por tipo de material","No"
"7ed41083-32cf-48cd-a287-596d44e7c189","COT-2026-0247","09-Jefatura de Policía Preventiva y Tránsito Municipal","","Indicios de gasolina o vehículo ligero; partida 29601 por tipo de material","No"
"7ede78ed-eb10-49f7-9147-5196cfa245df","COT-2026-0390","11-Dirección General de Servicios Públicos Municipales","29801","Asignación general a 11 por falta de tipo específico; partida 29801 por tipo de material","Si"
"7f61713a-762a-4c46-866a-d07422d753d8","COT-2026-0221","11-Dirección General de Servicios Públicos Municipales","29801","Indicios de camión o maquinaria pesada; partida 29801 por tipo de material","No"
"8060488b-d42d-4082-a558-9a6dc0835faa","COT-2026-0401","11-Dirección General de Servicios Públicos Municipales","","Asignación general a 11 por falta de tipo específico; partida 26102 por tipo de material","Si"
"8093944a-24b7-4492-82af-27ab4a09fc49","COT-2026-0281","11-Dirección General de Servicios Públicos Municipales","29801","Asignación general a 11 por falta de tipo específico; partida 29801 por tipo de material","Si"
"8163a93f-1a27-4f75-a6c0-a4ead981c446","COT-2026-0070","11-Dirección General de Servicios Públicos Municipales","29801","Asignación general a 11 por falta de tipo específico; partida 29801 por tipo de material","Si"
"8276891f-6aa6-4ff1-a3f7-7f755487780e","COT-2026-0031","11-Dirección General de Servicios Públicos Municipales","29801","Asignación general a 11 por falta de tipo específico; partida 29801 por tipo de material","Si"
"82c4d6be-398e-4f45-8e69-4aef7b5e27dd","COT-2026-0111","","29801","Asignación general a 11 por falta de tipo específico; partida 29801 por tipo de material","Si"
"836297b7-bb04-4dfd-9400-c228f6b69a2e","COT-2026-0275","11-Dirección General de Servicios Públicos Municipales","29801","Asignación general a 11 por falta de tipo específico; partida 29801 por tipo de material","Si"
"83b39d8d-c331-4cdf-9b18-8cd63944b7c7","COT-2026-0119","09-Jefatura de Policía Preventiva y Tránsito Municipal","","Indicios de gasolina o vehículo ligero; partida 29601 por tipo de material","No"
"8406db3b-c662-5ff8-94ed-99e4714f7c82","01215-2026-CT","11-Dirección General de Servicios Públicos Municipales","","Indicios de camión o maquinaria pesada; partida 29801 por tipo de material","No"
"85124a92-54e7-463d-890c-cd6f00b34ca9","COT-2026-0027","11-Dirección General de Servicios Públicos Municipales","","Indicios de camión o maquinaria pesada; partida 29801 por tipo de material","No"
"8520ec49-5658-42d0-84cc-433b0a9b206a","COT-2026-0245","11-Dirección General de Servicios Públicos Municipales","29801","Asignación general a 11 por falta de tipo específico; partida 29801 por tipo de material","Si"
"8628f91c-cc54-5d63-9ab7-64c5c4aad302","01054-2026-CT","11-Dirección General de Servicios Públicos Municipales","","Indicios de camión o maquinaria pesada; partida 29801 por tipo de material","No"
"86bdb22c-6795-4fba-9de4-056a7493b367","COT-2026-0073","11-Dirección General de Servicios Públicos Municipales","29801","Asignación general a 11 por falta de tipo específico; partida 29801 por tipo de material","Si"
"8708d11d-30d3-579f-9b39-af6cfd8087c8","01057-2026-CT","11-Dirección General de Servicios Públicos Municipales","","Indicios de camión o maquinaria pesada; partida 29801 por tipo de material","No"
"870bfe84-be00-4f80-9ce0-84120b22cc1d","COT-2026-0434","11-Dirección General de Servicios Públicos Municipales","29801","Asignación general a 11 por falta de tipo específico; partida 29801 por tipo de material","Si"
"88a8899c-5a0b-4492-8534-d84bf5101820","COT-2026-0389","11-Dirección General de Servicios Públicos Municipales","29801","Asignación general a 11 por falta de tipo específico; partida 29801 por tipo de material","Si"
"88ff694f-e42f-4e1e-93d0-27b25ddf40d9","COT-2026-0443","09-Jefatura de Policía Preventiva y Tránsito Municipal","","Indicios de gasolina o vehículo ligero; partida 29601 por tipo de material","No"
"8a0da3e4-4231-4344-aaca-fdafc5e5b1c9","COT-2026-0409","11-Dirección General de Servicios Públicos Municipales","","Indicios de camión o maquinaria pesada; partida 29801 por tipo de material","No"
"8a953c13-ac1b-48b6-a59a-bee632bfa3b4","COT-2026-0029","11-Dirección General de Servicios Públicos Municipales","29801","Asignación general a 11 por falta de tipo específico; partida 29801 por tipo de material","Si"
"8abd7157-0dcf-4273-9b70-1183d71d497b","COT-2026-0170","","29801","Indicios de gasolina o vehículo ligero; partida 29801 por tipo de material","No"
"8d769e8d-68bc-47a9-8127-52d03c3b5679","COT-2026-0147","09-Jefatura de Policía Preventiva y Tránsito Municipal","29801","Indicios de gasolina o vehículo ligero; partida 29801 por tipo de material","No"
"8dc079cf-2721-4bf5-bdab-dc2111cf3229","COT-2026-0414","11-Dirección General de Servicios Públicos Municipales","29801","Asignación general a 11 por falta de tipo específico; partida 29801 por tipo de material","Si"
"8ed559dd-7de0-4f5b-af06-0237dcb32d13","COT-2026-0252","11-Dirección General de Servicios Públicos Municipales","29801","Asignación general a 11 por falta de tipo específico; partida 29801 por tipo de material","Si"
"8f19284c-ea17-4c20-9796-5258c5df2726","COT-2026-0139","09-Jefatura de Policía Preventiva y Tránsito Municipal","","Indicios de gasolina o vehículo ligero; partida 29601 por tipo de material","No"
"915be2f1-3aef-5364-b246-24fd36d0c453","01561-2026-CT","","26102","Indicios de camión o maquinaria pesada; partida 26102 por tipo de material","No"
"9208a2f0-9139-413c-b1a0-b154b5de6c2a","COT-2026-0253","11-Dirección General de Servicios Públicos Municipales","29801","Asignación general a 11 por falta de tipo específico; partida 29801 por tipo de material","Si"
"922ffc9c-db75-4e4d-bc34-368e38edf88f","COT-2026-0159","11-Dirección General de Servicios Públicos Municipales","29801","Asignación general a 11 por falta de tipo específico; partida 29801 por tipo de material","Si"
"92d9b4c0-38ac-4ca1-8330-15f779ea21e2","COT-2026-0205","11-Dirección General de Servicios Públicos Municipales","29801","Asignación general a 11 por falta de tipo específico; partida 29801 por tipo de material","Si"
"94782a18-3210-4f2f-b7df-e3de0bd16484","COT-2026-0155","11-Dirección General de Servicios Públicos Municipales","29801","Asignación general a 11 por falta de tipo específico; partida 29801 por tipo de material","Si"
"95419349-23aa-4e95-93ea-c9128bbf7196","COT-2026-0282","11-Dirección General de Servicios Públicos Municipales","29801","Asignación general a 11 por falta de tipo específico; partida 29801 por tipo de material","Si"
"959412d6-b453-483d-89d0-ec4558d35bdc","COT-2026-0101","11-Dirección General de Servicios Públicos Municipales","29801","Asignación general a 11 por falta de tipo específico; partida 29801 por tipo de material","Si"
"965ed267-dcef-45c5-ae4b-5ece9ab945ef","COT-2026-0416","","29801","Indicios de camión o maquinaria pesada; partida 29801 por tipo de material","No"
"9665b8d2-93ad-4841-9824-fece5fb3a66d","COT-2026-0314","11-Dirección General de Servicios Públicos Municipales","29801","Asignación general a 11 por falta de tipo específico; partida 29801 por tipo de material","Si"
"9673d626-1d81-4660-835e-b5872b5a84bf","COT-2026-0014","11-Dirección General de Servicios Públicos Municipales","29801","Asignación general a 11 por falta de tipo específico; partida 29801 por tipo de material","Si"
"97068d15-a0bd-4c36-9dcf-20239933ebee","COT-2026-0419","11-Dirección General de Servicios Públicos Municipales","29801","Asignación general a 11 por falta de tipo específico; partida 29801 por tipo de material","Si"
"97adaabf-2e1d-431f-9689-d24b4836e5e8","COT-2026-0271","11-Dirección General de Servicios Públicos Municipales","29801","Asignación general a 11 por falta de tipo específico; partida 29801 por tipo de material","Si"
"97ae4cf8-791a-4e04-8261-d059e53c83d8","COT-2026-0320","11-Dirección General de Servicios Públicos Municipales","29801","Asignación general a 11 por falta de tipo específico; partida 29801 por tipo de material","Si"
"984075d5-df26-42e6-96c3-2279523a7fe1","COT-2026-0315","11-Dirección General de Servicios Públicos Municipales","29801","Asignación general a 11 por falta de tipo específico; partida 29801 por tipo de material","Si"
"98687b69-ce00-480e-9c91-5d2e286bca76","COT-2026-0405","11-Dirección General de Servicios Públicos Municipales","","Asignación general a 11 por falta de tipo específico; partida 26102 por tipo de material","Si"
"98b7e88f-fbab-5798-b7ee-f2f0e6c65d4f","00760-2026-CT","11-Dirección General de Servicios Públicos Municipales","","Indicios de camión o maquinaria pesada; partida 29801 por tipo de material","No"
"98e4358a-5eb6-4b6f-8f38-bad052faf4d8","COT-2026-0072","11-Dirección General de Servicios Públicos Municipales","29801","Asignación general a 11 por falta de tipo específico; partida 29801 por tipo de material","Si"
"99e61751-0fe7-4d7f-8119-f44c08edd476","COT-2026-0158","","29601","Indicios de gasolina o vehículo ligero; partida 29601 por tipo de material","No"
"9a56d883-97fe-4a28-b5a3-68beaa4045c7","COT-2026-0338","11-Dirección General de Servicios Públicos Municipales","","Indicios de camión o maquinaria pesada; partida 29801 por tipo de material","No"
"9a94190d-b118-5195-a361-4a8fdc982340","01019-2026-CT","11-Dirección General de Servicios Públicos Municipales","","Indicios de camión o maquinaria pesada; partida 29801 por tipo de material","No"
"9ac64b37-052a-4d10-8774-37452c2e8c4f","COT-2026-0318","11-Dirección General de Servicios Públicos Municipales","29801","Asignación general a 11 por falta de tipo específico; partida 29801 por tipo de material","Si"
"9b3c42d7-fefb-5817-a940-13b742543ab9","01410-2026-CT","09-Jefatura de Policía Preventiva y Tránsito Municipal","","Indicios de gasolina o vehículo ligero; partida 29601 por tipo de material","No"
"9ddf1adf-a452-43de-a2ca-1592391bb83e","COT-2026-0446","11-Dirección General de Servicios Públicos Municipales","29801","Asignación general a 11 por falta de tipo específico; partida 29801 por tipo de material","Si"
"9deb10a5-265f-4c66-8a81-d6abc6436783","COT-2026-0415","","29801","Indicios de camión o maquinaria pesada; partida 29801 por tipo de material","No"
"9e19ffd2-cd17-4396-9277-aea3b6d4b8cb","COT-2026-0177","09-Jefatura de Policía Preventiva y Tránsito Municipal","","Indicios de gasolina o vehículo ligero; partida 29601 por tipo de material","No"
"9e33338e-54b7-5b15-89e6-64e36105bee2","01606-2026-CT","09-Jefatura de Policía Preventiva y Tránsito Municipal","","Indicios de gasolina o vehículo ligero; partida 29601 por tipo de material","No"
"9e43bf75-07f2-4a8b-8455-a74a07ada0e4","COT-2026-0018","11-Dirección General de Servicios Públicos Municipales","29801","Asignación general a 11 por falta de tipo específico; partida 29801 por tipo de material","Si"
"9ec65377-70bf-4816-98f5-2a8ecf4c79aa","COT-2026-0334","","26102","Indicios de camión o maquinaria pesada; partida 26102 por tipo de material","No"
"a00e4f4b-e4c4-44d3-a5a0-8e5f986fef79","COT-2026-0068","11-Dirección General de Servicios Públicos Municipales","29801","Asignación general a 11 por falta de tipo específico; partida 29801 por tipo de material","Si"
"a0b938bc-ee53-45aa-8bcb-e944c04fc50c","COT-2026-0244","09-Jefatura de Policía Preventiva y Tránsito Municipal","29601","Indicios de gasolina o vehículo ligero; partida 29601 por tipo de material","No"
"a0be2ed6-fc5b-4b97-94f5-8036b9c74ce0","COT-2026-0350","09-Jefatura de Policía Preventiva y Tránsito Municipal","29801","Indicios de gasolina o vehículo ligero; partida 29801 por categoría predominante en importe","No"
"a1999e8b-7917-4341-9cb5-26e953bcb9a1","COT-2026-0377","11-Dirección General de Servicios Públicos Municipales","29801","Asignación general a 11 por falta de tipo específico; partida 29801 por tipo de material","Si"
"a2049a72-7dc9-4de3-8144-32c184927bef","COT-2026-0228","11-Dirección General de Servicios Públicos Municipales","29801","Asignación general a 11 por falta de tipo específico; partida 29801 por tipo de material","Si"
"a2915257-3fec-5886-868f-c16a146ee31e","01242-2026-CT","11-Dirección General de Servicios Públicos Municipales","","Indicios de camión o maquinaria pesada; partida 26102 por tipo de material","No"
"a3ca183a-57f3-5ad2-8b80-7fec18da20f7","01600-2026-CT","09-Jefatura de Policía Preventiva y Tránsito Municipal","","Indicios de gasolina o vehículo ligero; partida 29601 por categoría predominante en importe","No"
"a41f72f4-2157-43ae-88be-4ee4bb3211ee","COT-2026-0207","11-Dirección General de Servicios Públicos Municipales","29801","Asignación general a 11 por falta de tipo específico; partida 29801 por tipo de material","Si"
"a457b3a5-cf29-4a45-bf80-1f739b3bbc2b","COT-2026-0069","09-Jefatura de Policía Preventiva y Tránsito Municipal","","Indicios de gasolina o vehículo ligero; partida 29601 por tipo de material","No"
"a5466154-63ea-4df1-a1dc-9dd0d1634524","COT-2026-0227","11-Dirección General de Servicios Públicos Municipales","29801","Asignación general a 11 por falta de tipo específico; partida 29801 por tipo de material","Si"
"a56a5ee3-ea23-57fd-8869-0af3bb3752d5","01626-2026-CT","11-Dirección General de Servicios Públicos Municipales","","Asignación general a 11 por falta de tipo específico; partida 26102 por tipo de material","Si"
"a5d7df36-3ea1-486a-a6d0-08a479adcb13","COT-2026-0397","09-Jefatura de Policía Preventiva y Tránsito Municipal","","Indicios de gasolina o vehículo ligero; partida 29601 por tipo de material","No"
"a630bea9-5357-4ea8-a03a-8fc106d06ff7","COT-2026-0276","11-Dirección General de Servicios Públicos Municipales","","Indicios de camión o maquinaria pesada; partida 29801 por tipo de material","No"
"a6646823-af45-553e-855e-a73605cbe5c1","00983-2026-CT","","29801","Indicios de gasolina o vehículo ligero; partida 29801 por tipo de material","No"
"a687be19-a947-4238-bb55-c7d37d8c75af","COT-2026-0383","11-Dirección General de Servicios Públicos Municipales","29801","Asignación general a 11 por falta de tipo específico; partida 29801 por tipo de material","Si"
"a6b4eb31-a9b5-478a-a42c-3c66568f85da","COT-2026-0012","11-Dirección General de Servicios Públicos Municipales","29801","Asignación general a 11 por falta de tipo específico; partida 29801 por tipo de material","Si"
"a6bc0dad-369c-4198-8762-1abf1d0e213a","COT-2026-0188","09-Jefatura de Policía Preventiva y Tránsito Municipal","","Indicios de gasolina o vehículo ligero; partida 29601 por tipo de material","No"
"a6c13d64-6e11-4cb1-a16e-68e224e29869","COT-2026-0036","11-Dirección General de Servicios Públicos Municipales","29801","Asignación general a 11 por falta de tipo específico; partida 29801 por tipo de material","Si"
"a745e8a6-85c2-4981-811b-52a9f0a01e36","COT-2026-0243","11-Dirección General de Servicios Públicos Municipales","29801","Asignación general a 11 por falta de tipo específico; partida 29801 por tipo de material","Si"
"a760a176-c22b-4320-adbc-daeb319fdf4b","COT-2026-0009","11-Dirección General de Servicios Públicos Municipales","","Asignación general a 11 por falta de tipo específico; partida 26102 por tipo de material","Si"
"a7db532e-0dab-43d1-a923-ff7aacb9e30b","COT-2026-0172","11-Dirección General de Servicios Públicos Municipales","29801","Asignación general a 11 por falta de tipo específico; partida 29801 por tipo de material","Si"
"a918ec56-9696-4d9b-a03d-8c9be6ca7e78","COT-2026-0295","09-Jefatura de Policía Preventiva y Tránsito Municipal","","Indicios de gasolina o vehículo ligero; partida 29601 por categoría predominante en importe","No"
"a9524f52-b7f9-471b-af00-e37307e7a008","COT-2026-0441","11-Dirección General de Servicios Públicos Municipales","29801","Indicios de camión o maquinaria pesada; partida 29801 por tipo de material","No"
"a9f78712-a06d-4e9c-a76b-f6ba7b22dfc2","COT-2026-0366","11-Dirección General de Servicios Públicos Municipales","29801","Asignación general a 11 por falta de tipo específico; partida 29801 por tipo de material","Si"
"abc37266-ca86-486b-9aed-6d772a693dde","COT-2026-0240","09-Jefatura de Policía Preventiva y Tránsito Municipal","","Indicios de gasolina o vehículo ligero; partida 29601 por tipo de material","No"
"ad38160a-5e25-5638-a0d1-c9f42dcfb44d","01023-2026-CT","11-Dirección General de Servicios Públicos Municipales","","Indicios de camión o maquinaria pesada; partida 29801 por tipo de material","No"
"ad60d6ca-76fa-4988-8de9-55c150fba875","COT-2026-0077","11-Dirección General de Servicios Públicos Municipales","29801","Asignación general a 11 por falta de tipo específico; partida 29801 por tipo de material","Si"
"adc01a54-2024-4bac-b59a-025b9e19c0a3","COT-2026-0262","11-Dirección General de Servicios Públicos Municipales","","Indicios de camión o maquinaria pesada; partida 29801 por tipo de material","No"
"ae1ac59e-884b-4232-8ba5-c34a00f514c3","COT-2026-0037","11-Dirección General de Servicios Públicos Municipales","29801","Asignación general a 11 por falta de tipo específico; partida 29801 por tipo de material","Si"
"ae88249f-c36e-4016-8423-0f7a51c2bf6a","COT-2026-0160","09-Jefatura de Policía Preventiva y Tránsito Municipal","","Indicios de gasolina o vehículo ligero; partida 29601 por tipo de material","No"
"ae9452e8-6a46-5dc1-be48-2d91e5f71359","01482-2026-CT","09-Jefatura de Policía Preventiva y Tránsito Municipal","29801","Indicios de gasolina o vehículo ligero; partida 29801 por tipo de material","No"
"af017b6c-096a-41d7-b647-afa8ecf1058e","COT-2026-0199","09-Jefatura de Policía Preventiva y Tránsito Municipal","","Indicios de gasolina o vehículo ligero; partida 29601 por tipo de material","No"
"af23a8ac-bc0a-49d1-8380-72a9479fff8e","COT-2026-0300","11-Dirección General de Servicios Públicos Municipales","29801","Asignación general a 11 por falta de tipo específico; partida 29801 por tipo de material","Si"
"af6f77cb-012b-471a-9c65-df362d73ded9","COT-2026-0041","09-Jefatura de Policía Preventiva y Tránsito Municipal","29601","Indicios de gasolina o vehículo ligero; partida 29601 por tipo de material","No"
"af8aadaa-bd81-4b6a-8cf6-44d5ca1a3252","COT-2026-0176","09-Jefatura de Policía Preventiva y Tránsito Municipal","29601","Indicios de gasolina o vehículo ligero; partida 29601 por tipo de material","No"
"b0b38f08-11cc-415c-aba6-ae5fe5c49cce","COT-2026-0407","11-Dirección General de Servicios Públicos Municipales","29801","Asignación general a 11 por falta de tipo específico; partida 29801 por tipo de material","Si"
"b2911e9b-5815-492e-b555-8dc3a255b52f","COT-2026-0326","11-Dirección General de Servicios Públicos Municipales","29801","Asignación general a 11 por falta de tipo específico; partida 29801 por tipo de material","Si"
"b3474cf5-e678-5379-b177-a4aed60f8b08","01048-2026-CT","11-Dirección General de Servicios Públicos Municipales","","Indicios de camión o maquinaria pesada; partida 29801 por tipo de material","No"
"b3ff78cb-8a92-46ab-b683-b7ef2163e928","COT-2026-0157","09-Jefatura de Policía Preventiva y Tránsito Municipal","","Indicios de gasolina o vehículo ligero; partida 29601 por tipo de material","No"
"b4324977-197a-4a9a-9b20-ec3aa5aee89e","COT-2026-0045","09-Jefatura de Policía Preventiva y Tránsito Municipal","29601","Indicios de gasolina o vehículo ligero; partida 29601 por tipo de material","No"
"b43b8c5d-0c65-4fdc-a961-1c4db6c2901d","COT-2026-0083","11-Dirección General de Servicios Públicos Municipales","29801","Asignación general a 11 por falta de tipo específico; partida 29801 por tipo de material","Si"
"b45e30e6-f439-56dd-a1cd-4d73e7ee698d","01645-2026-CT","09-Jefatura de Policía Preventiva y Tránsito Municipal","","Indicios de gasolina o vehículo ligero; partida 29601 por tipo de material","No"
"b4e9c262-c81d-4c9f-8d4d-16850fc208b1","COT-2026-0370","11-Dirección General de Servicios Públicos Municipales","29801","Asignación general a 11 por falta de tipo específico; partida 29801 por tipo de material","Si"
"b5240164-8900-422e-a94e-6a455d39b97e","COT-2026-0089","11-Dirección General de Servicios Públicos Municipales","29801","Indicios de camión o maquinaria pesada; partida 29801 por tipo de material","No"
"b5e284b0-840c-4706-b207-2877501e2620","COT-2026-0182","09-Jefatura de Policía Preventiva y Tránsito Municipal","29801","Indicios de gasolina o vehículo ligero; partida 29801 por tipo de material","No"
"b61958cc-9edc-4ee3-a075-dc580c52f7b5","COT-2026-0194","09-Jefatura de Policía Preventiva y Tránsito Municipal","","Indicios de gasolina o vehículo ligero; partida 29601 por tipo de material","No"
"b67307d4-c602-4e65-963f-70742dece319","COT-2026-0046","11-Dirección General de Servicios Públicos Municipales","29801","Indicios de camión o maquinaria pesada; partida 29801 por tipo de material","No"
"b6d97463-4df3-4258-bef1-aaadb22d251d","COT-2026-0294","11-Dirección General de Servicios Públicos Municipales","29801","Asignación general a 11 por falta de tipo específico; partida 29801 por tipo de material","Si"
"b824910f-ac96-46fc-83f6-1d6e6b89b50c","COT-2026-0167","09-Jefatura de Policía Preventiva y Tránsito Municipal","","Indicios de gasolina o vehículo ligero; partida 29601 por tipo de material","No"
"b874f2c5-cc28-58e7-a144-45fe6da1e6a8","01547-2026-CT","09-Jefatura de Policía Preventiva y Tránsito Municipal","","Indicios de gasolina o vehículo ligero; partida 29601 por tipo de material","No"
"b9b8beda-d5be-4237-8201-dfb6d4ba75ff","COT-2026-0210","11-Dirección General de Servicios Públicos Municipales","29801","Asignación general a 11 por falta de tipo específico; partida 29801 por tipo de material","Si"
"ba241736-affe-4c85-a713-b478e8b2337b","COT-2026-0396","11-Dirección General de Servicios Públicos Municipales","29801","Asignación general a 11 por falta de tipo específico; partida 29801 por tipo de material","Si"
"baadcea9-768a-46eb-8bf1-34e68ac464cb","COT-2026-0065","","29601","Indicios de gasolina o vehículo ligero; partida 29601 por tipo de material","No"
"baee8618-e851-430c-b2ac-d0abcdd26b96","COT-2026-0360","","29801","Indicios de gasolina o vehículo ligero; partida 29801 por tipo de material","No"
"bc2b67bd-dd6b-5aa2-8835-c7495ef44972","01018-2026-CT","11-Dirección General de Servicios Públicos Municipales","","Indicios de camión o maquinaria pesada; partida 29801 por tipo de material","No"
"bcc4c994-98bc-5e2c-8277-86aaaa103ea1","01566-2026-CT","09-Jefatura de Policía Preventiva y Tránsito Municipal","29801","Indicios de gasolina o vehículo ligero; partida 29801 por tipo de material","No"
"be1954ea-a371-4e4d-9965-2417a2ac4dd4","COT-2026-0152","11-Dirección General de Servicios Públicos Municipales","29801","Asignación general a 11 por falta de tipo específico; partida 29801 por tipo de material","Si"
"be6440a0-ec34-4385-b8b0-b233b27f2198","COT-2026-0047","11-Dirección General de Servicios Públicos Municipales","29801","Asignación general a 11 por falta de tipo específico; partida 29801 por tipo de material","Si"
"bf3e05ef-4bc1-4d2d-ad12-aa61a354eaf9","COT-2026-0114","11-Dirección General de Servicios Públicos Municipales","29801","Asignación general a 11 por falta de tipo específico; partida 29801 por tipo de material","Si"
"bf962eee-3e39-4a9c-82da-f6f45febcf55","COT-2026-0035","11-Dirección General de Servicios Públicos Municipales","29801","Asignación general a 11 por falta de tipo específico; partida 29801 por tipo de material","Si"
"bfadf574-bc80-4e9c-afc8-b97d39f35645","COT-2026-0298","09-Jefatura de Policía Preventiva y Tránsito Municipal","29801","Indicios de gasolina o vehículo ligero; partida 29801 por tipo de material","No"
"c0182bcd-9c32-41f2-a563-3ee13ecd8cb7","COT-2026-0204","09-Jefatura de Policía Preventiva y Tránsito Municipal","29801","Indicios de gasolina o vehículo ligero; partida 29801 por tipo de material","No"
"c0a6ba8b-1aae-4345-a059-0848135bba5f","COT-2026-0328","11-Dirección General de Servicios Públicos Municipales","29801","Asignación general a 11 por falta de tipo específico; partida 29801 por tipo de material","Si"
"c13bc8bd-9915-43af-b6d0-10c6c39f2d73","COT-2026-0342","","29801","Dependencia 09 existente; partida 29801 por tipo de material","No"
"c16ef697-025c-5553-acae-8555618b3529","01625-2026-CT","11-Dirección General de Servicios Públicos Municipales","","Asignación general a 11 por falta de tipo específico; partida 26102 por tipo de material","Si"
"c1bbeef5-1534-41fd-a44a-f09c674190d8","COT-2026-0257","11-Dirección General de Servicios Públicos Municipales","","Indicios de camión o maquinaria pesada; partida 29801 por tipo de material","No"
"c1d8867e-7a6c-4f8a-b5d2-8a09069a7f47","COT-2026-0232","11-Dirección General de Servicios Públicos Municipales","29801","Asignación general a 11 por falta de tipo específico; partida 29801 por tipo de material","Si"
"c22d1518-4666-474c-88d3-9063cf5c6e6a","COT-2026-0118","11-Dirección General de Servicios Públicos Municipales","29801","Asignación general a 11 por falta de tipo específico; partida 29801 por tipo de material","Si"
"c35c3f26-3caf-48a9-bcc8-719d7f4fa8fb","COT-2026-0156","11-Dirección General de Servicios Públicos Municipales","29801","Asignación general a 11 por falta de tipo específico; partida 29801 por tipo de material","Si"
"c394852b-16e4-43df-89b0-bf04c127e5a0","COT-2026-0145","09-Jefatura de Policía Preventiva y Tránsito Municipal","","Indicios de gasolina o vehículo ligero; partida 29601 por tipo de material","No"
"c39ff1a4-8f75-40a0-a689-5885a094859c","COT-2026-0020","11-Dirección General de Servicios Públicos Municipales","29801","Asignación general a 11 por falta de tipo específico; partida 29801 por tipo de material","Si"
"c3c1324f-f894-4305-bfcd-dc3246f5da68","COT-2026-0331","11-Dirección General de Servicios Públicos Municipales","29801","Asignación general a 11 por falta de tipo específico; partida 29801 por tipo de material","Si"
"c4582b83-9658-450a-ac0d-a32460ee11fd","COT-2026-0061","11-Dirección General de Servicios Públicos Municipales","","Asignación general a 11 por falta de tipo específico; partida 26102 por tipo de material","Si"
"c4e508d3-af8a-4ef1-9916-17ddb3b2659a","COT-2026-0385","11-Dirección General de Servicios Públicos Municipales","29801","Asignación general a 11 por falta de tipo específico; partida 29801 por tipo de material","Si"
"c4f61e3a-f2eb-4049-a718-bfe3b0cf00cb","COT-2026-0004","11-Dirección General de Servicios Públicos Municipales","29801","Indicios de camión o maquinaria pesada; partida 29801 por tipo de material","No"
"c58f82b2-7c73-47ed-be94-bce0cdc6d141","COT-2026-0387","11-Dirección General de Servicios Públicos Municipales","29801","Asignación general a 11 por falta de tipo específico; partida 29801 por tipo de material","Si"
"c5f09094-5cdf-5eb9-bd0f-23487212532a","01426-2026-CT","","29801","Indicios de gasolina o vehículo ligero; partida 29801 por tipo de material","No"
"c70dfde5-beca-5fb8-ac23-06c0301f6a01","01569-2026-CT","09-Jefatura de Policía Preventiva y Tránsito Municipal","","Indicios de gasolina o vehículo ligero; partida 29601 por tipo de material","No"
"c739e275-22c4-4446-866b-0aa3e213b1e0","COT-2026-0230","11-Dirección General de Servicios Públicos Municipales","29801","Asignación general a 11 por falta de tipo específico; partida 29801 por tipo de material","Si"
"c92f6f9e-8c20-4483-8f48-150b981a2cc6","COT-2026-0043","11-Dirección General de Servicios Públicos Municipales","29801","Asignación general a 11 por falta de tipo específico; partida 29801 por tipo de material","Si"
"c95e3932-354f-4b1f-a6dd-c1c95752db04","COT-2026-0316","11-Dirección General de Servicios Públicos Municipales","29801","Asignación general a 11 por falta de tipo específico; partida 29801 por tipo de material","Si"
"ca1c6d9f-1997-4b5f-97b9-b0d43aa62773","COT-2026-0039","11-Dirección General de Servicios Públicos Municipales","29801","Asignación general a 11 por falta de tipo específico; partida 29801 por tipo de material","Si"
"ca345390-f3fb-4611-a64c-26a8263d1775","COT-2026-0023","11-Dirección General de Servicios Públicos Municipales","29801","Asignación general a 11 por falta de tipo específico; partida 29801 por tipo de material","Si"
"ca3e63fe-96ad-48ee-b6d6-75a5393e26f3","COT-2026-0379","11-Dirección General de Servicios Públicos Municipales","29801","Asignación general a 11 por falta de tipo específico; partida 29801 por tipo de material","Si"
"ca3f62e2-0cc3-4329-89a9-4a528a29e92b","COT-2026-0391","","29601","Indicios de gasolina o vehículo ligero; partida 29601 por tipo de material","No"
"cac2f1c6-0e7a-5a51-a629-e44231d60751","01189-2026-CT","11-Dirección General de Servicios Públicos Municipales","","Indicios de camión o maquinaria pesada; partida 29801 por tipo de material","No"
"cae7c89c-ebf0-4d07-89df-338630e2b125","COT-2026-0025","11-Dirección General de Servicios Públicos Municipales","29801","Asignación general a 11 por falta de tipo específico; partida 29801 por tipo de material","Si"
"cb4ffd77-8e23-5a38-8b21-82c1660fc31d","01637-2026-CT","11-Dirección General de Servicios Públicos Municipales","","Asignación general a 11 por falta de tipo específico; partida 29801 por tipo de material","Si"
"cc41445c-35e4-4d49-bf00-d5e21b41e123","COT-2026-0201","11-Dirección General de Servicios Públicos Municipales","29801","Asignación general a 11 por falta de tipo específico; partida 29801 por tipo de material","Si"
"cccb3762-0541-5fc0-8065-83e91a568d71","01231-2026-CT","11-Dirección General de Servicios Públicos Municipales","","Indicios de camión o maquinaria pesada; partida 29801 por tipo de material","No"
"cd83deac-a657-4597-bb00-eb8f06dbf906","COT-2026-0128","","29601","Indicios de gasolina o vehículo ligero; partida 29601 por tipo de material","No"
"cde0a694-1313-4025-83b9-92f6e2cc5b0a","COT-2026-0059","11-Dirección General de Servicios Públicos Municipales","29801","Asignación general a 11 por falta de tipo específico; partida 29801 por tipo de material","Si"
"cf4cf3d9-8c47-4174-8c43-204a89ec4a06","COT-2026-0148","09-Jefatura de Policía Preventiva y Tránsito Municipal","","Indicios de gasolina o vehículo ligero; partida 29601 por tipo de material","No"
"d07638ec-9ac6-4e6b-8bc0-37a0efc40f36","COT-2026-0369","11-Dirección General de Servicios Públicos Municipales","29801","Asignación general a 11 por falta de tipo específico; partida 29801 por tipo de material","Si"
"d09c575f-23b9-56ac-b0fa-99bdc78a1fb0","01274-2026-CT","09-Jefatura de Policía Preventiva y Tránsito Municipal","","Indicios de gasolina o vehículo ligero; partida 29601 por tipo de material","No"
"d2ab1c96-b545-4f0e-a523-a0ed4dd26340","COT-2026-0100","11-Dirección General de Servicios Públicos Municipales","","Asignación general a 11 por falta de tipo específico; partida 26102 por tipo de material","Si"
"d2ca5ac1-3d07-40f6-96a5-094e23b1b146","COT-2026-0109","","29801","Indicios de camión o maquinaria pesada; partida 29801 por tipo de material","No"
"d39ce4f8-99e7-400f-8104-a7ffe74a5f77","COT-2026-0284","11-Dirección General de Servicios Públicos Municipales","29801","Asignación general a 11 por falta de tipo específico; partida 29801 por tipo de material","Si"
"d4506a22-caa3-48cb-b61a-1e03f5435c28","COT-2026-0149","11-Dirección General de Servicios Públicos Municipales","","Indicios de camión o maquinaria pesada; partida 29801 por tipo de material","No"
"d49a825c-0134-4b20-83dd-f364414ce77a","COT-2026-0286","09-Jefatura de Policía Preventiva y Tránsito Municipal","","Indicios de gasolina o vehículo ligero; partida 29601 por tipo de material","No"
"d4f19888-4f00-4c28-99b5-a2a8d29bc629","COT-2026-0180","09-Jefatura de Policía Preventiva y Tránsito Municipal","","Indicios de gasolina o vehículo ligero; partida 29601 por tipo de material","No"
"d509d89c-70ab-589f-8138-0100715da625","01025-2026-CT","","29801","Indicios de gasolina o vehículo ligero; partida 29801 por tipo de material","No"
"d5fad2e9-58a5-4b66-9ec6-748fd4bc7b15","COT-2026-0325","11-Dirección General de Servicios Públicos Municipales","29801","Asignación general a 11 por falta de tipo específico; partida 29801 por tipo de material","Si"
"d6fcef81-c956-4985-a4e4-27068a13f365","COT-2026-0239","09-Jefatura de Policía Preventiva y Tránsito Municipal","","Indicios de gasolina o vehículo ligero; partida 29601 por tipo de material","No"
"d74f6823-c0c6-4d4f-afe6-aee796c3d2a0","COT-2026-0164","","29801","Indicios de gasolina o vehículo ligero; partida 29801 por tipo de material","No"
"d7ab322f-f64f-4e2d-8aee-9fe15004e5ce","COT-2026-0289","11-Dirección General de Servicios Públicos Municipales","29801","Asignación general a 11 por falta de tipo específico; partida 29801 por tipo de material","Si"
"d7b58a50-8f65-4946-9af3-a5a097eeabea","COT-2026-0421","11-Dirección General de Servicios Públicos Municipales","29801","Asignación general a 11 por falta de tipo específico; partida 29801 por tipo de material","Si"
"d840b252-3320-5c49-8475-d6bc7979d8e4","01534-2026-CT","","26102","Indicios de camión o maquinaria pesada; partida 26102 por tipo de material","No"
"d8570b42-671e-4f35-b571-a17db3144ab7","COT-2026-0368","11-Dirección General de Servicios Públicos Municipales","","Indicios de camión o maquinaria pesada; partida 29801 por tipo de material","No"
"d89e4e6f-f882-4a11-9f10-fbf4ac8c001a","COT-2026-0381","11-Dirección General de Servicios Públicos Municipales","","Asignación general a 11 por falta de tipo específico; partida 26102 por tipo de material","Si"
"d8e9f571-6a42-419c-83e3-f041cb694215","COT-2026-0191","11-Dirección General de Servicios Públicos Municipales","29801","Asignación general a 11 por falta de tipo específico; partida 29801 por tipo de material","Si"
"d931c020-89aa-45d5-aa45-f4d289185d83","COT-2026-0107","","29801","Indicios de camión o maquinaria pesada; partida 29801 por tipo de material","No"
"d95e9975-d385-52d9-9758-d20ea3532c15","01644-2026-CT","09-Jefatura de Policía Preventiva y Tránsito Municipal","","Indicios de gasolina o vehículo ligero; partida 29601 por tipo de material","No"
"d9853468-5d63-5d4b-b267-52d0ed14f9fb","01622-2026-CT","11-Dirección General de Servicios Públicos Municipales","","Asignación general a 11 por falta de tipo específico; partida 26102 por tipo de material","Si"
"d9f27ead-cb5a-4707-824b-d4854d0dfb69","COT-2026-0092","11-Dirección General de Servicios Públicos Municipales","29801","Asignación general a 11 por falta de tipo específico; partida 29801 por tipo de material","Si"
"da0dba95-2aa8-5378-9b50-0a8ff9db9ecc","01599-2026-CT","11-Dirección General de Servicios Públicos Municipales","","Indicios de camión o maquinaria pesada; partida 29801 por tipo de material","No"
"da1081c0-ab3f-4162-a3c1-0c3665ef7408","COT-2026-0028","","29601","Indicios de gasolina o vehículo ligero; partida 29601 por tipo de material","No"
"da7c3429-6261-4522-94bd-9c867250f260","COT-2026-0217","11-Dirección General de Servicios Públicos Municipales","29801","Asignación general a 11 por falta de tipo específico; partida 29801 por tipo de material","Si"
"dab645b2-93d0-4e59-b33d-638d46c3a39c","COT-2026-0355","11-Dirección General de Servicios Públicos Municipales","29801","Asignación general a 11 por falta de tipo específico; partida 29801 por tipo de material","Si"
"dac0d1b0-fd17-4dd9-be97-e2fd5269935a","COT-2026-0229","11-Dirección General de Servicios Públicos Municipales","29801","Asignación general a 11 por falta de tipo específico; partida 29801 por tipo de material","Si"
"db61dd42-0660-52e3-921f-d22432d9f8b5","01432-2026-CT","","29801","Indicios de gasolina o vehículo ligero; partida 29801 por tipo de material","No"
"dbf73cce-3066-4b32-9e5a-543828d13d5b","COT-2026-0431","11-Dirección General de Servicios Públicos Municipales","29801","Asignación general a 11 por falta de tipo específico; partida 29801 por tipo de material","Si"
"ddd2ae94-10bb-4048-bba1-3785c0cff51b","COT-2026-0110","","29601","Indicios de gasolina o vehículo ligero; partida 29601 por tipo de material","No"
"df5205c1-c57f-46f7-8094-274088b596ae","COT-2026-0345","11-Dirección General de Servicios Públicos Municipales","29801","Asignación general a 11 por falta de tipo específico; partida 29801 por tipo de material","Si"
"df52a2c9-3cd6-43fe-8398-e7c85692e543","COT-2026-0440","09-Jefatura de Policía Preventiva y Tránsito Municipal","29601","Indicios de gasolina o vehículo ligero; partida 29601 por tipo de material","No"
"dff4befd-2e07-42fa-a8e2-6052b310a49a","COT-2026-0254","11-Dirección General de Servicios Públicos Municipales","29801","Asignación general a 11 por falta de tipo específico; partida 29801 por tipo de material","Si"
"e01d52f9-339f-49b8-8a79-8e8f94784c04","COT-2026-0336","11-Dirección General de Servicios Públicos Municipales","29801","Asignación general a 11 por falta de tipo específico; partida 29801 por tipo de material","Si"
"e01fdd0f-a4e9-409f-96e1-091108072aec","COT-2026-0186","11-Dirección General de Servicios Públicos Municipales","29801","Asignación general a 11 por falta de tipo específico; partida 29801 por tipo de material","Si"
"e077f954-9901-48c4-addb-77a726a427f0","COT-2026-0259","11-Dirección General de Servicios Públicos Municipales","","Indicios de camión o maquinaria pesada; partida 29801 por tipo de material","No"
"e0e141f3-9392-4a3f-bdc1-988c74b57273","COT-2026-0265","","29801","Indicios de camión o maquinaria pesada; partida 29801 por tipo de material","No"
"e20c28b7-d40e-4e49-ae94-c08089da7e18","COT-2026-0335","11-Dirección General de Servicios Públicos Municipales","","Asignación general a 11 por falta de tipo específico; partida 26102 por tipo de material","Si"
"e2ee947b-e69b-5129-b1f6-8cf7b4e51b20","01636-2026-CT","11-Dirección General de Servicios Públicos Municipales","","Asignación general a 11 por falta de tipo específico; partida 29801 por tipo de material","Si"
"e30e9dda-7cab-4b37-a48d-ad7209ec8d96","COT-2026-0007","09-Jefatura de Policía Preventiva y Tránsito Municipal","29601","Indicios de gasolina o vehículo ligero; partida 29601 por tipo de material","No"
"e35fb518-b873-485d-be60-2e3d3eaae2b3","COT-2026-0426","11-Dirección General de Servicios Públicos Municipales","29801","Asignación general a 11 por falta de tipo específico; partida 29801 por tipo de material","Si"
"e37cf4a3-c402-5901-9ece-51494d5c934f","01026-2026-CT","11-Dirección General de Servicios Públicos Municipales","","Indicios de camión o maquinaria pesada; partida 29801 por tipo de material","No"
"e394b03c-f3bd-430a-bac6-bd7879058d88","COT-2026-0134","09-Jefatura de Policía Preventiva y Tránsito Municipal","29801","Indicios de gasolina o vehículo ligero; partida 29801 por tipo de material","No"
"e467bd5a-9db0-55f6-b94d-0706374e9482","01445-2026-CT","09-Jefatura de Policía Preventiva y Tránsito Municipal","","Indicios de gasolina o vehículo ligero; partida 29601 por tipo de material","No"
"e4e48c01-0fde-497c-83d7-7117cf2b56cb","COT-2026-0311","11-Dirección General de Servicios Públicos Municipales","","Asignación general a 11 por falta de tipo específico; partida 26102 por tipo de material","Si"
"e5512718-791d-4910-ba67-5497d021be86","COT-2026-0412","09-Jefatura de Policía Preventiva y Tránsito Municipal","","Indicios de gasolina o vehículo ligero; partida 29601 por tipo de material","No"
"e5f0aae6-a5c9-44cc-a439-5a1921ba209a","COT-2026-0367","11-Dirección General de Servicios Públicos Municipales","","Indicios de camión o maquinaria pesada; partida 29801 por tipo de material","No"
"e677bc8e-23e7-49a8-9dc6-85dea2775467","COT-2026-0133","11-Dirección General de Servicios Públicos Municipales","29801","Asignación general a 11 por falta de tipo específico; partida 29801 por tipo de material","Si"
"e6b0909f-026d-4389-a4a5-933dbb11e0e5","COT-2026-0153","09-Jefatura de Policía Preventiva y Tránsito Municipal","","Indicios de gasolina o vehículo ligero; partida 29601 por tipo de material","No"
"e73fb0ed-ed2e-5b06-b121-6cabb16f2585","01206-2026-CT","","29801","Dependencia 09 existente; partida 29801 por tipo de material","No"
"e822da1e-2eb9-4274-b724-fb8102af3958","COT-2026-0255","11-Dirección General de Servicios Públicos Municipales","29801","Asignación general a 11 por falta de tipo específico; partida 29801 por tipo de material","Si"
"e84400e0-304e-42c9-ae01-1c0296724a6e","COT-2026-0066","11-Dirección General de Servicios Públicos Municipales","","Indicios de camión o maquinaria pesada; partida 29801 por tipo de material","No"
"e8b44104-7f15-5d85-a642-91756bec4d37","01611-2026-CT","","26102","Indicios de camión o maquinaria pesada; partida 26102 por tipo de material","No"
"e8d0eb1a-b4a6-44b7-9baa-e5701406eede","COT-2026-0394","09-Jefatura de Policía Preventiva y Tránsito Municipal","29601","Indicios de gasolina o vehículo ligero; partida 29601 por tipo de material","No"
"ead073a5-b0f4-464c-81ed-07fd091b03e9","COT-2026-0251","11-Dirección General de Servicios Públicos Municipales","29801","Asignación general a 11 por falta de tipo específico; partida 29801 por tipo de material","Si"
"eb259056-706f-42cc-bff6-3f53d902cca1","COT-2026-0075","11-Dirección General de Servicios Públicos Municipales","29801","Asignación general a 11 por falta de tipo específico; partida 29801 por tipo de material","Si"
"eb7d1b25-9772-4ea1-b1ff-d31e7d77b7c4","COT-2026-0169","11-Dirección General de Servicios Públicos Municipales","","Indicios de camión o maquinaria pesada; partida 29801 por tipo de material","No"
"ebdf85a3-36a1-4bc7-965f-69c664b8228e","COT-2026-0203","","29801","Indicios de camión o maquinaria pesada; partida 29801 por tipo de material","No"
"ec7ce629-642c-43ed-bbf3-ffc85d26ba5b","COT-2026-0356","11-Dirección General de Servicios Públicos Municipales","29801","Asignación general a 11 por falta de tipo específico; partida 29801 por tipo de material","Si"
"edaca57d-079b-4142-8943-08d25dbcd78d","COT-2026-0185","11-Dirección General de Servicios Públicos Municipales","29801","Indicios de camión o maquinaria pesada; partida 29801 por tipo de material","No"
"eefa4a84-3457-432e-b6f1-24bf56bf6988","COT-2026-0198","09-Jefatura de Policía Preventiva y Tránsito Municipal","29601","Indicios de gasolina o vehículo ligero; partida 29601 por tipo de material","No"
"ef1a58ab-09e2-4779-b6f2-d54996c243ac","COT-2026-0400","11-Dirección General de Servicios Públicos Municipales","29801","Indicios de camión o maquinaria pesada; partida 29801 por tipo de material","No"
"f02e5bc5-0b9c-41ea-bf63-8fbb65e2f4e6","COT-2026-0317","11-Dirección General de Servicios Públicos Municipales","29801","Asignación general a 11 por falta de tipo específico; partida 29801 por tipo de material","Si"
"f0ba69aa-db14-5b8d-aa3e-ad48814f5f5c","01235-2026-CT","11-Dirección General de Servicios Públicos Municipales","","Indicios de camión o maquinaria pesada; partida 29801 por tipo de material","No"
"f0e65487-3310-43f5-88a8-dd8625e5f277","COT-2026-0019","11-Dirección General de Servicios Públicos Municipales","29801","Asignación general a 11 por falta de tipo específico; partida 29801 por tipo de material","Si"
"f112ad37-d671-4a09-a93b-9f15c81964bc","COT-2026-0365","11-Dirección General de Servicios Públicos Municipales","","Indicios de camión o maquinaria pesada; partida 29801 por tipo de material","No"
"f133fe3b-6849-491b-857f-813b2c4f6b1f","COT-2026-0168","11-Dirección General de Servicios Públicos Municipales","29801","Asignación general a 11 por falta de tipo específico; partida 29801 por tipo de material","Si"
"f185c06e-16e3-47b6-b262-d98eb8bf18e3","COT-2026-0359","","29801","Dependencia 09 existente; partida 29801 por tipo de material","No"
"f21c65f3-3d5d-4611-9fed-932ac89ff3fa","COT-2026-0270","09-Jefatura de Policía Preventiva y Tránsito Municipal","29601","Indicios de gasolina o vehículo ligero; partida 29601 por tipo de material","No"
"f26be5c2-7007-5f25-ac28-a379fd6cb7b1","01038-2026-CT","11-Dirección General de Servicios Públicos Municipales","","Indicios de camión o maquinaria pesada; partida 29801 por tipo de material","No"
"f3e6a260-1912-4a71-8ddb-0bc5dbc41b46","COT-2026-0346","","29801","Indicios de gasolina o vehículo ligero; partida 29801 por tipo de material","No"
"f411a850-03e3-4621-b7f0-f40f90e49c61","COT-2026-0234","11-Dirección General de Servicios Públicos Municipales","29801","Asignación general a 11 por falta de tipo específico; partida 29801 por tipo de material","Si"
"f4408e7a-9f55-4b9d-bbda-06fe55ace5e4","COT-2026-0392","11-Dirección General de Servicios Públicos Municipales","29801","Asignación general a 11 por falta de tipo específico; partida 29801 por tipo de material","Si"
"f462021d-557f-42cd-aa7e-1d68665cf674","COT-2026-0044","09-Jefatura de Policía Preventiva y Tránsito Municipal","29601","Indicios de gasolina o vehículo ligero; partida 29601 por tipo de material","No"
"f4c0c85a-0b02-4949-abdf-906661dfa1e4","COT-2026-0127","11-Dirección General de Servicios Públicos Municipales","29801","Asignación general a 11 por falta de tipo específico; partida 29801 por tipo de material","Si"
"f502bcac-38cb-4335-ad47-88bb2a324d44","COT-2026-0427","11-Dirección General de Servicios Públicos Municipales","","Asignación general a 11 por falta de tipo específico; partida 26102 por tipo de material","Si"
"f7c96fa8-4ebc-53fd-9562-6057171bfe9c","01046-2026-CT","11-Dirección General de Servicios Públicos Municipales","","Indicios de camión o maquinaria pesada; partida 29801 por tipo de material","No"
"f8ae765a-26d7-48dd-b136-36dfda206108","COT-2026-0131","11-Dirección General de Servicios Públicos Municipales","","Indicios de camión o maquinaria pesada; partida 29801 por tipo de material","No"
"f91319e5-6ee9-554c-b3e5-8fe254acc77d","01180-2026-CT","11-Dirección General de Servicios Públicos Municipales","","Indicios de camión o maquinaria pesada; partida 29801 por tipo de material","No"
"f918d472-f971-5dc3-a9e7-6afb4d72955d","00971-2026-CT","","29801","Indicios de gasolina o vehículo ligero; partida 29801 por tipo de material","No"
"f93e9029-8541-4cec-a490-9962ab0993b8","COT-2026-0445","11-Dirección General de Servicios Públicos Municipales","","Indicios de camión o maquinaria pesada; partida 29801 por tipo de material","No"
"f98ac10b-d25f-455e-84e5-b8eda47daf0f","COT-2026-0103","11-Dirección General de Servicios Públicos Municipales","29801","Asignación general a 11 por falta de tipo específico; partida 29801 por tipo de material","Si"
"fa76f26f-8e8f-53f9-97b0-b7f686c4fdad","01234-2026-CT","11-Dirección General de Servicios Públicos Municipales","","Indicios de camión o maquinaria pesada; partida 29801 por tipo de material","No"
"fa7a35ea-3d7c-4fca-addb-42dd62e9d021","COT-2026-0087","11-Dirección General de Servicios Públicos Municipales","29801","Asignación general a 11 por falta de tipo específico; partida 29801 por tipo de material","Si"
"fb1adda8-083f-49ab-a07e-b34756c8f07b","COT-2026-0451","11-Dirección General de Servicios Públicos Municipales","","Asignación general a 11 por falta de tipo específico; partida 26102 por tipo de material","Si"
"fb94d397-ec91-4329-8606-6709d31e2f70","COT-2026-0349","11-Dirección General de Servicios Públicos Municipales","","Asignación general a 11 por falta de tipo específico; partida 26102 por tipo de material","Si"
"fbd20452-a25d-4ee9-9555-4226bbf45faa","COT-2026-0436","11-Dirección General de Servicios Públicos Municipales","29801","Asignación general a 11 por falta de tipo específico; partida 29801 por tipo de material","Si"
"fbd5bc2d-afc2-4607-9728-2ae1fc71b9fc","COT-2026-0003","11-Dirección General de Servicios Públicos Municipales","29801","Indicios de camión o maquinaria pesada; partida 29801 por tipo de material","No"
"fc36eba6-d359-486f-bd90-702ef27d74ed","COT-2026-0212","09-Jefatura de Policía Preventiva y Tránsito Municipal","","Indicios de gasolina o vehículo ligero; partida 29601 por tipo de material","No"
"fd4dff7b-002f-5e35-aeb5-1c93592a2b7d","01035-2026-CT","11-Dirección General de Servicios Públicos Municipales","","Indicios de camión o maquinaria pesada; partida 29801 por tipo de material","No"
"fd4e0393-84b5-5e8a-8a80-7b4062482c66","01071-2026-CT","","29801","Indicios de gasolina o vehículo ligero; partida 29801 por tipo de material","No"
"fd50d0f0-5a2c-5421-8320-476a7c453204","01570-2026-CT","09-Jefatura de Policía Preventiva y Tránsito Municipal","","Indicios de gasolina o vehículo ligero; partida 29601 por tipo de material","No"
"fe9d2d7f-aaae-4f5b-85a9-2616c3423c32","COT-2026-0269","11-Dirección General de Servicios Públicos Municipales","29801","Asignación general a 11 por falta de tipo específico; partida 29801 por tipo de material","Si"
"feb0cda5-f1d5-4cc3-b38a-3c3ed6aabf20","COT-2026-0030","11-Dirección General de Servicios Públicos Municipales","26102","Asignación general a 11 por falta de tipo específico; partida 26102 por categoría predominante en importe","Si"
"ff4a308f-4edd-44e6-ac13-c96ea5e97a7e","COT-2026-0222","11-Dirección General de Servicios Públicos Municipales","29801","Asignación general a 11 por falta de tipo específico; partida 29801 por tipo de material","Si"
"ff4cca61-1202-4eba-944f-6da6f305b131","COT-2026-0053","11-Dirección General de Servicios Públicos Municipales","29801","Asignación general a 11 por falta de tipo específico; partida 29801 por tipo de material","Si"
"ff8e11e3-fcbe-5db1-89cd-27a1346702e2","01587-2026-CT","11-Dirección General de Servicios Públicos Municipales","","Indicios de camión o maquinaria pesada; partida 29801 por tipo de material","No"